Workbook

Sheet SIMS
A1: PTB Project No | B1: PTB Description | C1: Collection Date | D1: Item No | E1: Serial No | G1: Client asset tag | H1: 3rd Party No / IMEI No | I1: Category | J1: Model | K1: Model No | L1: Purchase Description | N1: Diagnostic Codes | O1: Item Remark | P1: Grade | Q1: Item Status | R1: Weight (kg) | S1: Blancco Result | T1: Additional data deletions (if yes provide qty) | U1: Proposed Purchase price | V1: Currency
D2: ='Audit Report'!A2&"" -> ITD-SHR11556-W401 | E2: ='Audit Report'!B2&"" | G2: ='Audit Report'!C2&"" | I2: =_xlfn.XLOOKUP('Audit Report'!D2,Data!A:A,Data!B:B,'Audit Report'!D2)&"" | J2: ='Audit Report'!F2&"" | L2: =_xlfn.TEXTJOIN(", ", FALSE, 'Audit Report'!I2,'Audit Report'!J2,'Audit Report'!K2) -> , , | M2: ='Audit Report'!L2&"" | N2: {=IF(M2="","", _xlfn.TEXTJOIN(", ",TRUE, _xlfn.MAP(_xlfn.TEXTSPLIT(M2,","),_xlfn.LAMBDA(_xlpm.x, _xlfn.LET( _xlpm.item,TRIM(_xlpm.x), _xlpm.descCode, _xlfn.XLOOKUP(_xlpm.item,'Diagnostics Code'!$C$2:$C$500,'Diagnostics Code'!$B$2:$B$500,""), _xlpm.itadCode, IFERROR( INDEX('Diagnostics Code'!$B$2:$B$500, MATCH(TRUE, _xlfn.BYROW('Diagnostics Code'!$D$2:$D$500, _xlfn.LAMBDA(_xlpm.r,ISNUMBER(MATCH(_xlpm.item,TRIM(_xlfn.TEXTSPLIT(_xlpm.r,",")),0))) ), 0) ), ""), IF(_xlpm.descCode<>"",_xlpm.descCode,_xlpm.itadCode) ) )) ))} | R2: =_xlfn.XLOOKUP('Audit Report'!D2,Data!A:A,Data!C:C,"") | S2: ='Audit Report'!M2&""
D3: ='Audit Report'!A3&"" -> ITD-SHR11556-W402 | E3: ='Audit Report'!B3&"" | G3: ='Audit Report'!C3&"" | I3: =_xlfn.XLOOKUP('Audit Report'!D3,Data!A:A,Data!B:B,'Audit Report'!D3)&"" | J3: ='Audit Report'!F3&"" | L3: =_xlfn.TEXTJOIN(", ", FALSE, 'Audit Report'!I3,'Audit Report'!J3,'Audit Report'!K3) -> , , | M3: ='Audit Report'!L3&"" | N3: {=IF(M3="","", _xlfn.TEXTJOIN(", ",TRUE, _xlfn.MAP(_xlfn.TEXTSPLIT(M3,","),_xlfn.LAMBDA(_xlpm.x, _xlfn.LET( _xlpm.item,TRIM(_xlpm.x), _xlpm.descCode, _xlfn.XLOOKUP(_xlpm.item,'Diagnostics Code'!$C$2:$C$500,'Diagnostics Code'!$B$2:$B$500,""), _xlpm.itadCode, IFERROR( INDEX('Diagnostics Code'!$B$2:$B$500, MATCH(TRUE, _xlfn.BYROW('Diagnostics Code'!$D$2:$D$500, _xlfn.LAMBDA(_xlpm.r,ISNUMBER(MATCH(_xlpm.item,TRIM(_xlfn.TEXTSPLIT(_xlpm.r,",")),0))) ), 0) ), ""), IF(_xlpm.descCode<>"",_xlpm.descCode,_xlpm.itadCode) ) )) ))} | R3: =_xlfn.XLOOKUP('Audit Report'!D3,Data!A:A,Data!C:C,"") | S3: ='Audit Report'!M3&""
D4: ='Audit Report'!A4&"" -> ITD-SHR11556-W403 | E4: ='Audit Report'!B4&"" | G4: ='Audit Report'!C4&"" | I4: =_xlfn.XLOOKUP('Audit Report'!D4,Data!A:A,Data!B:B,'Audit Report'!D4)&"" | J4: ='Audit Report'!F4&"" | L4: =_xlfn.TEXTJOIN(", ", FALSE, 'Audit Report'!I4,'Audit Report'!J4,'Audit Report'!K4) -> , , | M4: ='Audit Report'!L4&"" | N4: {=IF(M4="","", _xlfn.TEXTJOIN(", ",TRUE, _xlfn.MAP(_xlfn.TEXTSPLIT(M4,","),_xlfn.LAMBDA(_xlpm.x, _xlfn.LET( _xlpm.item,TRIM(_xlpm.x), _xlpm.descCode, _xlfn.XLOOKUP(_xlpm.item,'Diagnostics Code'!$C$2:$C$500,'Diagnostics Code'!$B$2:$B$500,""), _xlpm.itadCode, IFERROR( INDEX('Diagnostics Code'!$B$2:$B$500, MATCH(TRUE, _xlfn.BYROW('Diagnostics Code'!$D$2:$D$500, _xlfn.LAMBDA(_xlpm.r,ISNUMBER(MATCH(_xlpm.item,TRIM(_xlfn.TEXTSPLIT(_xlpm.r,",")),0))) ), 0) ), ""), IF(_xlpm.descCode<>"",_xlpm.descCode,_xlpm.itadCode) ) )) ))} | R4: =_xlfn.XLOOKUP('Audit Report'!D4,Data!A:A,Data!C:C,"") | S4: ='Audit Report'!M4&""
D5: ='Audit Report'!A5&"" -> ITD-SHR11556-W404 | E5: ='Audit Report'!B5&"" | G5: ='Audit Report'!C5&"" | I5: =_xlfn.XLOOKUP('Audit Report'!D5,Data!A:A,Data!B:B,'Audit Report'!D5)&"" | J5: ='Audit Report'!F5&"" | L5: =_xlfn.TEXTJOIN(", ", FALSE, 'Audit Report'!I5,'Audit Report'!J5,'Audit Report'!K5) -> , , | M5: ='Audit Report'!L5&"" | N5: {=IF(M5="","", _xlfn.TEXTJOIN(", ",TRUE, _xlfn.MAP(_xlfn.TEXTSPLIT(M5,","),_xlfn.LAMBDA(_xlpm.x, _xlfn.LET( _xlpm.item,TRIM(_xlpm.x), _xlpm.descCode, _xlfn.XLOOKUP(_xlpm.item,'Diagnostics Code'!$C$2:$C$500,'Diagnostics Code'!$B$2:$B$500,""), _xlpm.itadCode, IFERROR( INDEX('Diagnostics Code'!$B$2:$B$500, MATCH(TRUE, _xlfn.BYROW('Diagnostics Code'!$D$2:$D$500, _xlfn.LAMBDA(_xlpm.r,ISNUMBER(MATCH(_xlpm.item,TRIM(_xlfn.TEXTSPLIT(_xlpm.r,",")),0))) ), 0) ), ""), IF(_xlpm.descCode<>"",_xlpm.descCode,_xlpm.itadCode) ) )) ))} | R5: =_xlfn.XLOOKUP('Audit Report'!D5,Data!A:A,Data!C:C,"") | S5: ='Audit Report'!M5&""
D6: ='Audit Report'!A6&"" -> ITD-SHR11556-W405 | E6: ='Audit Report'!B6&"" | G6: ='Audit Report'!C6&"" | I6: =_xlfn.XLOOKUP('Audit Report'!D6,Data!A:A,Data!B:B,'Audit Report'!D6)&"" | J6: ='Audit Report'!F6&"" | L6: =_xlfn.TEXTJOIN(", ", FALSE, 'Audit Report'!I6,'Audit Report'!J6,'Audit Report'!K6) -> , , | M6: ='Audit Report'!L6&"" | N6: {=IF(M6="","", _xlfn.TEXTJOIN(", ",TRUE, _xlfn.MAP(_xlfn.TEXTSPLIT(M6,","),_xlfn.LAMBDA(_xlpm.x, _xlfn.LET( _xlpm.item,TRIM(_xlpm.x), _xlpm.descCode, _xlfn.XLOOKUP(_xlpm.item,'Diagnostics Code'!$C$2:$C$500,'Diagnostics Code'!$B$2:$B$500,""), _xlpm.itadCode, IFERROR( INDEX('Diagnostics Code'!$B$2:$B$500, MATCH(TRUE, _xlfn.BYROW('Diagnostics Code'!$D$2:$D$500, _xlfn.LAMBDA(_xlpm.r,ISNUMBER(MATCH(_xlpm.item,TRIM(_xlfn.TEXTSPLIT(_xlpm.r,",")),0))) ), 0) ), ""), IF(_xlpm.descCode<>"",_xlpm.descCode,_xlpm.itadCode) ) )) ))} | R6: =_xlfn.XLOOKUP('Audit Report'!D6,Data!A:A,Data!C:C,"") | S6: ='Audit Report'!M6&""
D7: ='Audit Report'!A7&"" -> ITD-SHR11556-W406 | E7: ='Audit Report'!B7&"" | G7: ='Audit Report'!C7&"" | I7: =_xlfn.XLOOKUP('Audit Report'!D7,Data!A:A,Data!B:B,'Audit Report'!D7)&"" | J7: ='Audit Report'!F7&"" | L7: =_xlfn.TEXTJOIN(", ", FALSE, 'Audit Report'!I7,'Audit Report'!J7,'Audit Report'!K7) -> , , | M7: ='Audit Report'!L7&"" | N7: {=IF(M7="","", _xlfn.TEXTJOIN(", ",TRUE, _xlfn.MAP(_xlfn.TEXTSPLIT(M7,","),_xlfn.LAMBDA(_xlpm.x, _xlfn.LET( _xlpm.item,TRIM(_xlpm.x), _xlpm.descCode, _xlfn.XLOOKUP(_xlpm.item,'Diagnostics Code'!$C$2:$C$500,'Diagnostics Code'!$B$2:$B$500,""), _xlpm.itadCode, IFERROR( INDEX('Diagnostics Code'!$B$2:$B$500, MATCH(TRUE, _xlfn.BYROW('Diagnostics Code'!$D$2:$D$500, _xlfn.LAMBDA(_xlpm.r,ISNUMBER(MATCH(_xlpm.item,TRIM(_xlfn.TEXTSPLIT(_xlpm.r,",")),0))) ), 0) ), ""), IF(_xlpm.descCode<>"",_xlpm.descCode,_xlpm.itadCode) ) )) ))} | R7: =_xlfn.XLOOKUP('Audit Report'!D7,Data!A:A,Data!C:C,"") | S7: ='Audit Report'!M7&""
D8: ='Audit Report'!A8&"" -> ITD-SHR11556-W407 | E8: ='Audit Report'!B8&"" | G8: ='Audit Report'!C8&"" | I8: =_xlfn.XLOOKUP('Audit Report'!D8,Data!A:A,Data!B:B,'Audit Report'!D8)&"" | J8: ='Audit Report'!F8&"" | L8: =_xlfn.TEXTJOIN(", ", FALSE, 'Audit Report'!I8,'Audit Report'!J8,'Audit Report'!K8) -> , , | M8: ='Audit Report'!L8&"" | N8: {=IF(M8="","", _xlfn.TEXTJOIN(", ",TRUE, _xlfn.MAP(_xlfn.TEXTSPLIT(M8,","),_xlfn.LAMBDA(_xlpm.x, _xlfn.LET( _xlpm.item,TRIM(_xlpm.x), _xlpm.descCode, _xlfn.XLOOKUP(_xlpm.item,'Diagnostics Code'!$C$2:$C$500,'Diagnostics Code'!$B$2:$B$500,""), _xlpm.itadCode, IFERROR( INDEX('Diagnostics Code'!$B$2:$B$500, MATCH(TRUE, _xlfn.BYROW('Diagnostics Code'!$D$2:$D$500, _xlfn.LAMBDA(_xlpm.r,ISNUMBER(MATCH(_xlpm.item,TRIM(_xlfn.TEXTSPLIT(_xlpm.r,",")),0))) ), 0) ), ""), IF(_xlpm.descCode<>"",_xlpm.descCode,_xlpm.itadCode) ) )) ))} | R8: =_xlfn.XLOOKUP('Audit Report'!D8,Data!A:A,Data!C:C,"") | S8: ='Audit Report'!M8&""
D9: ='Audit Report'!A9&"" -> ITD-SHR11556-W408 | E9: ='Audit Report'!B9&"" | G9: ='Audit Report'!C9&"" | I9: =_xlfn.XLOOKUP('Audit Report'!D9,Data!A:A,Data!B:B,'Audit Report'!D9)&"" | J9: ='Audit Report'!F9&"" | L9: =_xlfn.TEXTJOIN(", ", FALSE, 'Audit Report'!I9,'Audit Report'!J9,'Audit Report'!K9) -> , , | M9: ='Audit Report'!L9&"" | N9: {=IF(M9="","", _xlfn.TEXTJOIN(", ",TRUE, _xlfn.MAP(_xlfn.TEXTSPLIT(M9,","),_xlfn.LAMBDA(_xlpm.x, _xlfn.LET( _xlpm.item,TRIM(_xlpm.x), _xlpm.descCode, _xlfn.XLOOKUP(_xlpm.item,'Diagnostics Code'!$C$2:$C$500,'Diagnostics Code'!$B$2:$B$500,""), _xlpm.itadCode, IFERROR( INDEX('Diagnostics Code'!$B$2:$B$500, MATCH(TRUE, _xlfn.BYROW('Diagnostics Code'!$D$2:$D$500, _xlfn.LAMBDA(_xlpm.r,ISNUMBER(MATCH(_xlpm.item,TRIM(_xlfn.TEXTSPLIT(_xlpm.r,",")),0))) ), 0) ), ""), IF(_xlpm.descCode<>"",_xlpm.descCode,_xlpm.itadCode) ) )) ))} | R9: =_xlfn.XLOOKUP('Audit Report'!D9,Data!A:A,Data!C:C,"") | S9: ='Audit Report'!M9&""
D10: ='Audit Report'!A10&"" -> ITD-SHR11556-W409 | E10: ='Audit Report'!B10&"" | G10: ='Audit Report'!C10&"" | I10: =_xlfn.XLOOKUP('Audit Report'!D10,Data!A:A,Data!B:B,'Audit Report'!D10)&"" | J10: ='Audit Report'!F10&"" | L10: =_xlfn.TEXTJOIN(", ", FALSE, 'Audit Report'!I10,'Audit Report'!J10,'Audit Report'!K10) -> , , | M10: ='Audit Report'!L10&"" | N10: {=IF(M10="","", _xlfn.TEXTJOIN(", ",TRUE, _xlfn.MAP(_xlfn.TEXTSPLIT(M10,","),_xlfn.LAMBDA(_xlpm.x, _xlfn.LET( _xlpm.item,TRIM(_xlpm.x), _xlpm.descCode, _xlfn.XLOOKUP(_xlpm.item,'Diagnostics Code'!$C$2:$C$500,'Diagnostics Code'!$B$2:$B$500,""), _xlpm.itadCode, IFERROR( INDEX('Diagnostics Code'!$B$2:$B$500, MATCH(TRUE, _xlfn.BYROW('Diagnostics Code'!$D$2:$D$500, _xlfn.LAMBDA(_xlpm.r,ISNUMBER(MATCH(_xlpm.item,TRIM(_xlfn.TEXTSPLIT(_xlpm.r,",")),0))) ), 0) ), ""), IF(_xlpm.descCode<>"",_xlpm.descCode,_xlpm.itadCode) ) )) ))} | R10: =_xlfn.XLOOKUP('Audit Report'!D10,Data!A:A,Data!C:C,"") | S10: ='Audit Report'!M10&""
D11: ='Audit Report'!A11&"" -> ITD-SHR11556-W410 | E11: ='Audit Report'!B11&"" | G11: ='Audit Report'!C11&"" | I11: =_xlfn.XLOOKUP('Audit Report'!D11,Data!A:A,Data!B:B,'Audit Report'!D11)&"" | J11: ='Audit Report'!F11&"" | L11: =_xlfn.TEXTJOIN(", ", FALSE, 'Audit Report'!I11,'Audit Report'!J11,'Audit Report'!K11) -> , , | M11: ='Audit Report'!L11&"" | N11: {=IF(M11="","", _xlfn.TEXTJOIN(", ",TRUE, _xlfn.MAP(_xlfn.TEXTSPLIT(M11,","),_xlfn.LAMBDA(_xlpm.x, _xlfn.LET( _xlpm.item,TRIM(_xlpm.x), _xlpm.descCode, _xlfn.XLOOKUP(_xlpm.item,'Diagnostics Code'!$C$2:$C$500,'Diagnostics Code'!$B$2:$B$500,""), _xlpm.itadCode, IFERROR( INDEX('Diagnostics Code'!$B$2:$B$500, MATCH(TRUE, _xlfn.BYROW('Diagnostics Code'!$D$2:$D$500, _xlfn.LAMBDA(_xlpm.r,ISNUMBER(MATCH(_xlpm.item,TRIM(_xlfn.TEXTSPLIT(_xlpm.r,",")),0))) ), 0) ), ""), IF(_xlpm.descCode<>"",_xlpm.descCode,_xlpm.itadCode) ) )) ))} | R11: =_xlfn.XLOOKUP('Audit Report'!D11,Data!A:A,Data!C:C,"") | S11: ='Audit Report'!M11&""
D12: ='Audit Report'!A12&"" -> ITD-SHR11556-W411 | E12: ='Audit Report'!B12&"" | G12: ='Audit Report'!C12&"" | I12: =_xlfn.XLOOKUP('Audit Report'!D12,Data!A:A,Data!B:B,'Audit Report'!D12)&"" | J12: ='Audit Report'!F12&"" | L12: =_xlfn.TEXTJOIN(", ", FALSE, 'Audit Report'!I12,'Audit Report'!J12,'Audit Report'!K12) -> , , | M12: ='Audit Report'!L12&"" | N12: {=IF(M12="","", _xlfn.TEXTJOIN(", ",TRUE, _xlfn.MAP(_xlfn.TEXTSPLIT(M12,","),_xlfn.LAMBDA(_xlpm.x, _xlfn.LET( _xlpm.item,TRIM(_xlpm.x), _xlpm.descCode, _xlfn.XLOOKUP(_xlpm.item,'Diagnostics Code'!$C$2:$C$500,'Diagnostics Code'!$B$2:$B$500,""), _xlpm.itadCode, IFERROR( INDEX('Diagnostics Code'!$B$2:$B$500, MATCH(TRUE, _xlfn.BYROW('Diagnostics Code'!$D$2:$D$500, _xlfn.LAMBDA(_xlpm.r,ISNUMBER(MATCH(_xlpm.item,TRIM(_xlfn.TEXTSPLIT(_xlpm.r,",")),0))) ), 0) ), ""), IF(_xlpm.descCode<>"",_xlpm.descCode,_xlpm.itadCode) ) )) ))} | R12: =_xlfn.XLOOKUP('Audit Report'!D12,Data!A:A,Data!C:C,"") | S12: ='Audit Report'!M12&""
D13: ='Audit Report'!A13&"" -> ITD-SHR11556-W412 | E13: ='Audit Report'!B13&"" | G13: ='Audit Report'!C13&"" | I13: =_xlfn.XLOOKUP('Audit Report'!D13,Data!A:A,Data!B:B,'Audit Report'!D13)&"" | J13: ='Audit Report'!F13&"" | L13: =_xlfn.TEXTJOIN(", ", FALSE, 'Audit Report'!I13,'Audit Report'!J13,'Audit Report'!K13) -> , , | M13: ='Audit Report'!L13&"" | N13: {=IF(M13="","", _xlfn.TEXTJOIN(", ",TRUE, _xlfn.MAP(_xlfn.TEXTSPLIT(M13,","),_xlfn.LAMBDA(_xlpm.x, _xlfn.LET( _xlpm.item,TRIM(_xlpm.x), _xlpm.descCode, _xlfn.XLOOKUP(_xlpm.item,'Diagnostics Code'!$C$2:$C$500,'Diagnostics Code'!$B$2:$B$500,""), _xlpm.itadCode, IFERROR( INDEX('Diagnostics Code'!$B$2:$B$500, MATCH(TRUE, _xlfn.BYROW('Diagnostics Code'!$D$2:$D$500, _xlfn.LAMBDA(_xlpm.r,ISNUMBER(MATCH(_xlpm.item,TRIM(_xlfn.TEXTSPLIT(_xlpm.r,",")),0))) ), 0) ), ""), IF(_xlpm.descCode<>"",_xlpm.descCode,_xlpm.itadCode) ) )) ))} | R13: =_xlfn.XLOOKUP('Audit Report'!D13,Data!A:A,Data!C:C,"") | S13: ='Audit Report'!M13&""
... D382: ='Audit Report'!A382&"" -> ITD-SHR11556-W4381 | E382: ='Audit Report'!B382&"" | G382: ='Audit Report'!C382&"" | I382: =_xlfn.XLOOKUP('Audit Report'!D382,Data!A:A,Data!B:B,'Audit Report'!D382)&"" | J382: ='Audit Report'!F382&"" | L382: =_xlfn.TEXTJOIN(", ", FALSE, 'Audit Report'!I382,'Audit Report'!J382,'Audit Report'!K382) -> , , | M382: ='Audit Report'!L382&"" | N382: {=IF(M382="","", _xlfn.TEXTJOIN(", ",TRUE, _xlfn.MAP(_xlfn.TEXTSPLIT(M382,","),_xlfn.LAMBDA(_xlpm.x, _xlfn.LET( _xlpm.item,TRIM(_xlpm.x), _xlpm.descCode, _xlfn.XLOOKUP(_xlpm.item,'Diagnostics Code'!$C$2:$C$500,'Diagnostics Code'!$B$2:$B$500,""), _xlpm.itadCode, IFERROR( INDEX('Diagnostics Code'!$B$2:$B$500, MATCH(TRUE, _xlfn.BYROW('Diagnostics Code'!$D$2:$D$500, _xlfn.LAMBDA(_xlpm.r,ISNUMBER(MATCH(_xlpm.item,TRIM(_xlfn.TEXTSPLIT(_xlpm.r,",")),0))) ), 0) ), ""), IF(_xlpm.descCode<>"",_xlpm.descCode,_xlpm.itadCode) ) )) ))} | R382: =_xlfn.XLOOKUP('Audit Report'!D382,Data!A:A,Data!C:C,"") | S382: ='Audit Report'!M382&""
D383: ='Audit Report'!A383&"" -> ITD-SHR11556-W4382 | E383: ='Audit Report'!B383&"" | G383: ='Audit Report'!C383&"" | I383: =_xlfn.XLOOKUP('Audit Report'!D383,Data!A:A,Data!B:B,'Audit Report'!D383)&"" | J383: ='Audit Report'!F383&"" | L383: =_xlfn.TEXTJOIN(", ", FALSE, 'Audit Report'!I383,'Audit Report'!J383,'Audit Report'!K383) -> , , | M383: ='Audit Report'!L383&"" | N383: {=IF(M383="","", _xlfn.TEXTJOIN(", ",TRUE, _xlfn.MAP(_xlfn.TEXTSPLIT(M383,","),_xlfn.LAMBDA(_xlpm.x, _xlfn.LET( _xlpm.item,TRIM(_xlpm.x), _xlpm.descCode, _xlfn.XLOOKUP(_xlpm.item,'Diagnostics Code'!$C$2:$C$500,'Diagnostics Code'!$B$2:$B$500,""), _xlpm.itadCode, IFERROR( INDEX('Diagnostics Code'!$B$2:$B$500, MATCH(TRUE, _xlfn.BYROW('Diagnostics Code'!$D$2:$D$500, _xlfn.LAMBDA(_xlpm.r,ISNUMBER(MATCH(_xlpm.item,TRIM(_xlfn.TEXTSPLIT(_xlpm.r,",")),0))) ), 0) ), ""), IF(_xlpm.descCode<>"",_xlpm.descCode,_xlpm.itadCode) ) )) ))} | R383: =_xlfn.XLOOKUP('Audit Report'!D383,Data!A:A,Data!C:C) -> #N/A | S383: ='Audit Report'!M383&""
D384: ='Audit Report'!A384&"" -> ITD-SHR11556-W4383 | E384: ='Audit Report'!B384&"" | G384: ='Audit Report'!C384&"" | I384: =_xlfn.XLOOKUP('Audit Report'!D384,Data!A:A,Data!B:B,'Audit Report'!D384)&"" | J384: ='Audit Report'!F384&"" | L384: =_xlfn.TEXTJOIN(", ", FALSE, 'Audit Report'!I384,'Audit Report'!J384,'Audit Report'!K384) -> , , | M384: ='Audit Report'!L384&"" | N384: {=IF(M384="","", _xlfn.TEXTJOIN(", ",TRUE, _xlfn.MAP(_xlfn.TEXTSPLIT(M384,","),_xlfn.LAMBDA(_xlpm.x, _xlfn.LET( _xlpm.item,TRIM(_xlpm.x), _xlpm.descCode, _xlfn.XLOOKUP(_xlpm.item,'Diagnostics Code'!$C$2:$C$500,'Diagnostics Code'!$B$2:$B$500,""), _xlpm.itadCode, IFERROR( INDEX('Diagnostics Code'!$B$2:$B$500, MATCH(TRUE, _xlfn.BYROW('Diagnostics Code'!$D$2:$D$500, _xlfn.LAMBDA(_xlpm.r,ISNUMBER(MATCH(_xlpm.item,TRIM(_xlfn.TEXTSPLIT(_xlpm.r,",")),0))) ), 0) ), ""), IF(_xlpm.descCode<>"",_xlpm.descCode,_xlpm.itadCode) ) )) ))} | R384: =_xlfn.XLOOKUP('Audit Report'!D384,Data!A:A,Data!C:C) -> #N/A | S384: ='Audit Report'!M384&""
D385: ='Audit Report'!A385&"" -> ITD-SHR11556-W4384 | E385: ='Audit Report'!B385&"" | G385: ='Audit Report'!C385&"" | I385: =_xlfn.XLOOKUP('Audit Report'!D385,Data!A:A,Data!B:B,'Audit Report'!D385)&"" | J385: ='Audit Report'!F385&"" | L385: =_xlfn.TEXTJOIN(", ", FALSE, 'Audit Report'!I385,'Audit Report'!J385,'Audit Report'!K385) -> , , | M385: ='Audit Report'!L385&"" | N385: {=IF(M385="","", _xlfn.TEXTJOIN(", ",TRUE, _xlfn.MAP(_xlfn.TEXTSPLIT(M385,","),_xlfn.LAMBDA(_xlpm.x, _xlfn.LET( _xlpm.item,TRIM(_xlpm.x), _xlpm.descCode, _xlfn.XLOOKUP(_xlpm.item,'Diagnostics Code'!$C$2:$C$500,'Diagnostics Code'!$B$2:$B$500,""), _xlpm.itadCode, IFERROR( INDEX('Diagnostics Code'!$B$2:$B$500, MATCH(TRUE, _xlfn.BYROW('Diagnostics Code'!$D$2:$D$500, _xlfn.LAMBDA(_xlpm.r,ISNUMBER(MATCH(_xlpm.item,TRIM(_xlfn.TEXTSPLIT(_xlpm.r,",")),0))) ), 0) ), ""), IF(_xlpm.descCode<>"",_xlpm.descCode,_xlpm.itadCode) ) )) ))} | R385: =_xlfn.XLOOKUP('Audit Report'!D385,Data!A:A,Data!C:C) -> #N/A | S385: ='Audit Report'!M385&""
D386: ='Audit Report'!A386&"" -> ITD-SHR11556-W4385 | E386: ='Audit Report'!B386&"" | G386: ='Audit Report'!C386&"" | I386: =_xlfn.XLOOKUP('Audit Report'!D386,Data!A:A,Data!B:B,'Audit Report'!D386)&"" | J386: ='Audit Report'!F386&"" | L386: =_xlfn.TEXTJOIN(", ", FALSE, 'Audit Report'!I386,'Audit Report'!J386,'Audit Report'!K386) -> , , | M386: ='Audit Report'!L386&"" | N386: {=IF(M386="","", _xlfn.TEXTJOIN(", ",TRUE, _xlfn.MAP(_xlfn.TEXTSPLIT(M386,","),_xlfn.LAMBDA(_xlpm.x, _xlfn.LET( _xlpm.item,TRIM(_xlpm.x), _xlpm.descCode, _xlfn.XLOOKUP(_xlpm.item,'Diagnostics Code'!$C$2:$C$500,'Diagnostics Code'!$B$2:$B$500,""), _xlpm.itadCode, IFERROR( INDEX('Diagnostics Code'!$B$2:$B$500, MATCH(TRUE, _xlfn.BYROW('Diagnostics Code'!$D$2:$D$500, _xlfn.LAMBDA(_xlpm.r,ISNUMBER(MATCH(_xlpm.item,TRIM(_xlfn.TEXTSPLIT(_xlpm.r,",")),0))) ), 0) ), ""), IF(_xlpm.descCode<>"",_xlpm.descCode,_xlpm.itadCode) ) )) ))} | R386: =_xlfn.XLOOKUP('Audit Report'!D386,Data!A:A,Data!C:C) -> #N/A | S386: ='Audit Report'!M386&""
D387: ='Audit Report'!A387&"" -> ITD-SHR11556-W4386 | E387: ='Audit Report'!B387&"" | G387: ='Audit Report'!C387&"" | I387: =_xlfn.XLOOKUP('Audit Report'!D387,Data!A:A,Data!B:B,'Audit Report'!D387)&"" | J387: ='Audit Report'!F387&"" | L387: =_xlfn.TEXTJOIN(", ", FALSE, 'Audit Report'!I387,'Audit Report'!J387,'Audit Report'!K387) -> , , | M387: ='Audit Report'!L387&"" | N387: {=IF(M387="","", _xlfn.TEXTJOIN(", ",TRUE, _xlfn.MAP(_xlfn.TEXTSPLIT(M387,","),_xlfn.LAMBDA(_xlpm.x, _xlfn.LET( _xlpm.item,TRIM(_xlpm.x), _xlpm.descCode, _xlfn.XLOOKUP(_xlpm.item,'Diagnostics Code'!$C$2:$C$500,'Diagnostics Code'!$B$2:$B$500,""), _xlpm.itadCode, IFERROR( INDEX('Diagnostics Code'!$B$2:$B$500, MATCH(TRUE, _xlfn.BYROW('Diagnostics Code'!$D$2:$D$500, _xlfn.LAMBDA(_xlpm.r,ISNUMBER(MATCH(_xlpm.item,TRIM(_xlfn.TEXTSPLIT(_xlpm.r,",")),0))) ), 0) ), ""), IF(_xlpm.descCode<>"",_xlpm.descCode,_xlpm.itadCode) ) )) ))} | R387: =_xlfn.XLOOKUP('Audit Report'!D387,Data!A:A,Data!C:C) -> #N/A | S387: ='Audit Report'!M387&""
D388: ='Audit Report'!A388&"" -> ITD-SHR11556-W4387 | E388: ='Audit Report'!B388&"" | G388: ='Audit Report'!C388&"" | I388: =_xlfn.XLOOKUP('Audit Report'!D388,Data!A:A,Data!B:B,'Audit Report'!D388)&"" | J388: ='Audit Report'!F388&"" | L388: =_xlfn.TEXTJOIN(", ", FALSE, 'Audit Report'!I388,'Audit Report'!J388,'Audit Report'!K388) -> , , | M388: ='Audit Report'!L388&"" | N388: {=IF(M388="","", _xlfn.TEXTJOIN(", ",TRUE, _xlfn.MAP(_xlfn.TEXTSPLIT(M388,","),_xlfn.LAMBDA(_xlpm.x, _xlfn.LET( _xlpm.item,TRIM(_xlpm.x), _xlpm.descCode, _xlfn.XLOOKUP(_xlpm.item,'Diagnostics Code'!$C$2:$C$500,'Diagnostics Code'!$B$2:$B$500,""), _xlpm.itadCode, IFERROR( INDEX('Diagnostics Code'!$B$2:$B$500, MATCH(TRUE, _xlfn.BYROW('Diagnostics Code'!$D$2:$D$500, _xlfn.LAMBDA(_xlpm.r,ISNUMBER(MATCH(_xlpm.item,TRIM(_xlfn.TEXTSPLIT(_xlpm.r,",")),0))) ), 0) ), ""), IF(_xlpm.descCode<>"",_xlpm.descCode,_xlpm.itadCode) ) )) ))} | R388: =_xlfn.XLOOKUP('Audit Report'!D388,Data!A:A,Data!C:C) -> #N/A | S388: ='Audit Report'!M388&""
D389: ='Audit Report'!A389&"" -> ITD-SHR11556-W4388 | E389: ='Audit Report'!B389&"" | G389: ='Audit Report'!C389&"" | I389: =_xlfn.XLOOKUP('Audit Report'!D389,Data!A:A,Data!B:B,'Audit Report'!D389)&"" | J389: ='Audit Report'!F389&"" | L389: =_xlfn.TEXTJOIN(", ", FALSE, 'Audit Report'!I389,'Audit Report'!J389,'Audit Report'!K389) -> , , | M389: ='Audit Report'!L389&"" | N389: {=IF(M389="","", _xlfn.TEXTJOIN(", ",TRUE, _xlfn.MAP(_xlfn.TEXTSPLIT(M389,","),_xlfn.LAMBDA(_xlpm.x, _xlfn.LET( _xlpm.item,TRIM(_xlpm.x), _xlpm.descCode, _xlfn.XLOOKUP(_xlpm.item,'Diagnostics Code'!$C$2:$C$500,'Diagnostics Code'!$B$2:$B$500,""), _xlpm.itadCode, IFERROR( INDEX('Diagnostics Code'!$B$2:$B$500, MATCH(TRUE, _xlfn.BYROW('Diagnostics Code'!$D$2:$D$500, _xlfn.LAMBDA(_xlpm.r,ISNUMBER(MATCH(_xlpm.item,TRIM(_xlfn.TEXTSPLIT(_xlpm.r,",")),0))) ), 0) ), ""), IF(_xlpm.descCode<>"",_xlpm.descCode,_xlpm.itadCode) ) )) ))} | R389: =_xlfn.XLOOKUP('Audit Report'!D389,Data!A:A,Data!C:C) -> #N/A | S389: ='Audit Report'!M389&""
D390: ='Audit Report'!A390&"" -> ITD-SHR11556-W4389 | E390: ='Audit Report'!B390&"" | G390: ='Audit Report'!C390&"" | I390: =_xlfn.XLOOKUP('Audit Report'!D390,Data!A:A,Data!B:B,'Audit Report'!D390)&"" | J390: ='Audit Report'!F390&"" | L390: =_xlfn.TEXTJOIN(", ", FALSE, 'Audit Report'!I390,'Audit Report'!J390,'Audit Report'!K390) -> , , | M390: ='Audit Report'!L390&"" | N390: {=IF(M390="","", _xlfn.TEXTJOIN(", ",TRUE, _xlfn.MAP(_xlfn.TEXTSPLIT(M390,","),_xlfn.LAMBDA(_xlpm.x, _xlfn.LET( _xlpm.item,TRIM(_xlpm.x), _xlpm.descCode, _xlfn.XLOOKUP(_xlpm.item,'Diagnostics Code'!$C$2:$C$500,'Diagnostics Code'!$B$2:$B$500,""), _xlpm.itadCode, IFERROR( INDEX('Diagnostics Code'!$B$2:$B$500, MATCH(TRUE, _xlfn.BYROW('Diagnostics Code'!$D$2:$D$500, _xlfn.LAMBDA(_xlpm.r,ISNUMBER(MATCH(_xlpm.item,TRIM(_xlfn.TEXTSPLIT(_xlpm.r,",")),0))) ), 0) ), ""), IF(_xlpm.descCode<>"",_xlpm.descCode,_xlpm.itadCode) ) )) ))} | R390: =_xlfn.XLOOKUP('Audit Report'!D390,Data!A:A,Data!C:C) -> #N/A | S390: ='Audit Report'!M390&""
D391: ='Audit Report'!A391&"" -> ITD-SHR11556-W4390 | E391: ='Audit Report'!B391&"" | G391: ='Audit Report'!C391&"" | I391: =_xlfn.XLOOKUP('Audit Report'!D391,Data!A:A,Data!B:B,'Audit Report'!D391)&"" | J391: ='Audit Report'!F391&"" | L391: =_xlfn.TEXTJOIN(", ", FALSE, 'Audit Report'!I391,'Audit Report'!J391,'Audit Report'!K391) -> , , | M391: ='Audit Report'!L391&"" | N391: {=IF(M391="","", _xlfn.TEXTJOIN(", ",TRUE, _xlfn.MAP(_xlfn.TEXTSPLIT(M391,","),_xlfn.LAMBDA(_xlpm.x, _xlfn.LET( _xlpm.item,TRIM(_xlpm.x), _xlpm.descCode, _xlfn.XLOOKUP(_xlpm.item,'Diagnostics Code'!$C$2:$C$500,'Diagnostics Code'!$B$2:$B$500,""), _xlpm.itadCode, IFERROR( INDEX('Diagnostics Code'!$B$2:$B$500, MATCH(TRUE, _xlfn.BYROW('Diagnostics Code'!$D$2:$D$500, _xlfn.LAMBDA(_xlpm.r,ISNUMBER(MATCH(_xlpm.item,TRIM(_xlfn.TEXTSPLIT(_xlpm.r,",")),0))) ), 0) ), ""), IF(_xlpm.descCode<>"",_xlpm.descCode,_xlpm.itadCode) ) )) ))} | R391: =_xlfn.XLOOKUP('Audit Report'!D391,Data!A:A,Data!C:C) -> #N/A | S391: ='Audit Report'!M391&""
D392: ='Audit Report'!A392&"" -> ITD-SHR11556-W4391 | E392: ='Audit Report'!B392&"" | G392: ='Audit Report'!C392&"" | I392: =_xlfn.XLOOKUP('Audit Report'!D392,Data!A:A,Data!B:B,'Audit Report'!D392)&"" | J392: ='Audit Report'!F392&"" | L392: =_xlfn.TEXTJOIN(", ", FALSE, 'Audit Report'!I392,'Audit Report'!J392,'Audit Report'!K392) -> , , | M392: ='Audit Report'!L392&"" | N392: {=IF(M392="","", _xlfn.TEXTJOIN(", ",TRUE, _xlfn.MAP(_xlfn.TEXTSPLIT(M392,","),_xlfn.LAMBDA(_xlpm.x, _xlfn.LET( _xlpm.item,TRIM(_xlpm.x), _xlpm.descCode, _xlfn.XLOOKUP(_xlpm.item,'Diagnostics Code'!$C$2:$C$500,'Diagnostics Code'!$B$2:$B$500,""), _xlpm.itadCode, IFERROR( INDEX('Diagnostics Code'!$B$2:$B$500, MATCH(TRUE, _xlfn.BYROW('Diagnostics Code'!$D$2:$D$500, _xlfn.LAMBDA(_xlpm.r,ISNUMBER(MATCH(_xlpm.item,TRIM(_xlfn.TEXTSPLIT(_xlpm.r,",")),0))) ), 0) ), ""), IF(_xlpm.descCode<>"",_xlpm.descCode,_xlpm.itadCode) ) )) ))} | R392: =_xlfn.XLOOKUP('Audit Report'!D392,Data!A:A,Data!C:C) -> #N/A | S392: ='Audit Report'!M392&""
D393: ='Audit Report'!A393&"" -> ITD-SHR11556-W4392 | E393: ='Audit Report'!B393&"" | G393: ='Audit Report'!C393&"" | I393: =_xlfn.XLOOKUP('Audit Report'!D393,Data!A:A,Data!B:B,'Audit Report'!D393)&"" | J393: ='Audit Report'!F393&"" | L393: =_xlfn.TEXTJOIN(", ", FALSE, 'Audit Report'!I393,'Audit Report'!J393,'Audit Report'!K393) -> , , | M393: ='Audit Report'!L393&"" | N393: {=IF(M393="","", _xlfn.TEXTJOIN(", ",TRUE, _xlfn.MAP(_xlfn.TEXTSPLIT(M393,","),_xlfn.LAMBDA(_xlpm.x, _xlfn.LET( _xlpm.item,TRIM(_xlpm.x), _xlpm.descCode, _xlfn.XLOOKUP(_xlpm.item,'Diagnostics Code'!$C$2:$C$500,'Diagnostics Code'!$B$2:$B$500,""), _xlpm.itadCode, IFERROR( INDEX('Diagnostics Code'!$B$2:$B$500, MATCH(TRUE, _xlfn.BYROW('Diagnostics Code'!$D$2:$D$500, _xlfn.LAMBDA(_xlpm.r,ISNUMBER(MATCH(_xlpm.item,TRIM(_xlfn.TEXTSPLIT(_xlpm.r,",")),0))) ), 0) ), ""), IF(_xlpm.descCode<>"",_xlpm.descCode,_xlpm.itadCode) ) )) ))} | R393: =_xlfn.XLOOKUP('Audit Report'!D393,Data!A:A,Data!C:C) -> #N/A | S393: ='Audit Report'!M393&""
D394: ='Audit Report'!A394&"" -> ITD-SHR11556-W4393 | E394: ='Audit Report'!B394&"" | G394: ='Audit Report'!C394&"" | I394: =_xlfn.XLOOKUP('Audit Report'!D394,Data!A:A,Data!B:B,'Audit Report'!D394)&"" | J394: ='Audit Report'!F394&"" | L394: =_xlfn.TEXTJOIN(", ", FALSE, 'Audit Report'!I394,'Audit Report'!J394,'Audit Report'!K394) -> , , | M394: ='Audit Report'!L394&"" | N394: {=IF(M394="","", _xlfn.TEXTJOIN(", ",TRUE, _xlfn.MAP(_xlfn.TEXTSPLIT(M394,","),_xlfn.LAMBDA(_xlpm.x, _xlfn.LET( _xlpm.item,TRIM(_xlpm.x), _xlpm.descCode, _xlfn.XLOOKUP(_xlpm.item,'Diagnostics Code'!$C$2:$C$500,'Diagnostics Code'!$B$2:$B$500,""), _xlpm.itadCode, IFERROR( INDEX('Diagnostics Code'!$B$2:$B$500, MATCH(TRUE, _xlfn.BYROW('Diagnostics Code'!$D$2:$D$500, _xlfn.LAMBDA(_xlpm.r,ISNUMBER(MATCH(_xlpm.item,TRIM(_xlfn.TEXTSPLIT(_xlpm.r,",")),0))) ), 0) ), ""), IF(_xlpm.descCode<>"",_xlpm.descCode,_xlpm.itadCode) ) )) ))} | R394: =_xlfn.XLOOKUP('Audit Report'!D394,Data!A:A,Data!C:C) -> #N/A | S394: ='Audit Report'!M394&""
... D539: ='Audit Report'!A539&"" -> ITD-SHR11556-W4538 | E539: ='Audit Report'!B539&"" | G539: ='Audit Report'!C539&"" | I539: =_xlfn.XLOOKUP('Audit Report'!D539,Data!A:A,Data!B:B,'Audit Report'!D539)&"" | J539: ='Audit Report'!F539&"" | L539: =_xlfn.TEXTJOIN(", ", FALSE, 'Audit Report'!I539,'Audit Report'!J539,'Audit Report'!K539) -> , , | M539: ='Audit Report'!L539&"" | N539: {=IF(M539="","", _xlfn.TEXTJOIN(", ",TRUE, _xlfn.MAP(_xlfn.TEXTSPLIT(M539,","),_xlfn.LAMBDA(_xlpm.x, _xlfn.LET( _xlpm.item,TRIM(_xlpm.x), _xlpm.descCode, _xlfn.XLOOKUP(_xlpm.item,'Diagnostics Code'!$C$2:$C$500,'Diagnostics Code'!$B$2:$B$500,""), _xlpm.itadCode, IFERROR( INDEX('Diagnostics Code'!$B$2:$B$500, MATCH(TRUE, _xlfn.BYROW('Diagnostics Code'!$D$2:$D$500, _xlfn.LAMBDA(_xlpm.r,ISNUMBER(MATCH(_xlpm.item,TRIM(_xlfn.TEXTSPLIT(_xlpm.r,",")),0))) ), 0) ), ""), IF(_xlpm.descCode<>"",_xlpm.descCode,_xlpm.itadCode) ) )) ))} | R539: =_xlfn.XLOOKUP('Audit Report'!D539,Data!A:A,Data!C:C) -> #N/A | S539: ='Audit Report'!M539&""
D540: ='Audit Report'!A540&"" -> ITD-SHR11556-W4539 | E540: ='Audit Report'!B540&"" | G540: ='Audit Report'!C540&"" | I540: =_xlfn.XLOOKUP('Audit Report'!D540,Data!A:A,Data!B:B,'Audit Report'!D540)&"" | J540: ='Audit Report'!F540&"" | L540: =_xlfn.TEXTJOIN(", ", FALSE, 'Audit Report'!I540,'Audit Report'!J540,'Audit Report'!K540) -> , , | M540: ='Audit Report'!L540&"" | N540: {=IF(M540="","", _xlfn.TEXTJOIN(", ",TRUE, _xlfn.MAP(_xlfn.TEXTSPLIT(M540,","),_xlfn.LAMBDA(_xlpm.x, _xlfn.LET( _xlpm.item,TRIM(_xlpm.x), _xlpm.descCode, _xlfn.XLOOKUP(_xlpm.item,'Diagnostics Code'!$C$2:$C$500,'Diagnostics Code'!$B$2:$B$500,""), _xlpm.itadCode, IFERROR( INDEX('Diagnostics Code'!$B$2:$B$500, MATCH(TRUE, _xlfn.BYROW('Diagnostics Code'!$D$2:$D$500, _xlfn.LAMBDA(_xlpm.r,ISNUMBER(MATCH(_xlpm.item,TRIM(_xlfn.TEXTSPLIT(_xlpm.r,",")),0))) ), 0) ), ""), IF(_xlpm.descCode<>"",_xlpm.descCode,_xlpm.itadCode) ) )) ))} | R540: =_xlfn.XLOOKUP('Audit Report'!D540,Data!A:A,Data!C:C) -> #N/A | S540: ='[1]Audit Report'!N540
D541: ='Audit Report'!A541&"" -> ITD-SHR11556-W4540 | E541: ='Audit Report'!B541&"" | G541: ='Audit Report'!C541&"" | I541: =_xlfn.XLOOKUP('Audit Report'!D541,Data!A:A,Data!B:B,'Audit Report'!D541)&"" | J541: ='Audit Report'!F541&"" | L541: =_xlfn.TEXTJOIN(", ", FALSE, 'Audit Report'!I541,'Audit Report'!J541,'Audit Report'!K541) -> , , | M541: ='Audit Report'!L541&"" | N541: {=IF(M541="","", _xlfn.TEXTJOIN(", ",TRUE, _xlfn.MAP(_xlfn.TEXTSPLIT(M541,","),_xlfn.LAMBDA(_xlpm.x, _xlfn.LET( _xlpm.item,TRIM(_xlpm.x), _xlpm.descCode, _xlfn.XLOOKUP(_xlpm.item,'Diagnostics Code'!$C$2:$C$500,'Diagnostics Code'!$B$2:$B$500,""), _xlpm.itadCode, IFERROR( INDEX('Diagnostics Code'!$B$2:$B$500, MATCH(TRUE, _xlfn.BYROW('Diagnostics Code'!$D$2:$D$500, _xlfn.LAMBDA(_xlpm.r,ISNUMBER(MATCH(_xlpm.item,TRIM(_xlfn.TEXTSPLIT(_xlpm.r,",")),0))) ), 0) ), ""), IF(_xlpm.descCode<>"",_xlpm.descCode,_xlpm.itadCode) ) )) ))} | R541: =_xlfn.XLOOKUP('Audit Report'!D541,Data!A:A,Data!C:C) -> #N/A | S541: ='[1]Audit Report'!N541
D542: ='Audit Report'!A542&"" -> ITD-SHR11556-W4541 | E542: ='Audit Report'!B542&"" | G542: ='Audit Report'!C542&"" | I542: =_xlfn.XLOOKUP('Audit Report'!D542,Data!A:A,Data!B:B,'Audit Report'!D542)&"" | J542: ='Audit Report'!F542&"" | L542: =_xlfn.TEXTJOIN(", ", FALSE, 'Audit Report'!I542,'Audit Report'!J542,'Audit Report'!K542) -> , , | M542: ='Audit Report'!L542&"" | N542: {=IF(M542="","", _xlfn.TEXTJOIN(", ",TRUE, _xlfn.MAP(_xlfn.TEXTSPLIT(M542,","),_xlfn.LAMBDA(_xlpm.x, _xlfn.LET( _xlpm.item,TRIM(_xlpm.x), _xlpm.descCode, _xlfn.XLOOKUP(_xlpm.item,'Diagnostics Code'!$C$2:$C$500,'Diagnostics Code'!$B$2:$B$500,""), _xlpm.itadCode, IFERROR( INDEX('Diagnostics Code'!$B$2:$B$500, MATCH(TRUE, _xlfn.BYROW('Diagnostics Code'!$D$2:$D$500, _xlfn.LAMBDA(_xlpm.r,ISNUMBER(MATCH(_xlpm.item,TRIM(_xlfn.TEXTSPLIT(_xlpm.r,",")),0))) ), 0) ), ""), IF(_xlpm.descCode<>"",_xlpm.descCode,_xlpm.itadCode) ) )) ))} | R542: =_xlfn.XLOOKUP('Audit Report'!D542,Data!A:A,Data!C:C) -> #N/A | S542: ='[1]Audit Report'!N542
D543: ='Audit Report'!A543&"" -> ITD-SHR11556-W4542 | E543: ='Audit Report'!B543&"" | G543: ='Audit Report'!C543&"" | I543: =_xlfn.XLOOKUP('Audit Report'!D543,Data!A:A,Data!B:B,'Audit Report'!D543)&"" | J543: ='Audit Report'!F543&"" | L543: =_xlfn.TEXTJOIN(", ", FALSE, 'Audit Report'!I543,'Audit Report'!J543,'Audit Report'!K543) -> , , | M543: ='Audit Report'!L543&"" | N543: {=IF(M543="","", _xlfn.TEXTJOIN(", ",TRUE, _xlfn.MAP(_xlfn.TEXTSPLIT(M543,","),_xlfn.LAMBDA(_xlpm.x, _xlfn.LET( _xlpm.item,TRIM(_xlpm.x), _xlpm.descCode, _xlfn.XLOOKUP(_xlpm.item,'Diagnostics Code'!$C$2:$C$500,'Diagnostics Code'!$B$2:$B$500,""), _xlpm.itadCode, IFERROR( INDEX('Diagnostics Code'!$B$2:$B$500, MATCH(TRUE, _xlfn.BYROW('Diagnostics Code'!$D$2:$D$500, _xlfn.LAMBDA(_xlpm.r,ISNUMBER(MATCH(_xlpm.item,TRIM(_xlfn.TEXTSPLIT(_xlpm.r,",")),0))) ), 0) ), ""), IF(_xlpm.descCode<>"",_xlpm.descCode,_xlpm.itadCode) ) )) ))} | R543: =_xlfn.XLOOKUP('Audit Report'!D543,Data!A:A,Data!C:C) -> #N/A | S543: ='[1]Audit Report'!N543
D544: ='Audit Report'!A544&"" -> ITD-SHR11556-W4543 | E544: ='Audit Report'!B544&"" | G544: ='Audit Report'!C544&"" | I544: =_xlfn.XLOOKUP('Audit Report'!D544,Data!A:A,Data!B:B,'Audit Report'!D544)&"" | J544: ='Audit Report'!F544&"" | L544: =_xlfn.TEXTJOIN(", ", FALSE, 'Audit Report'!I544,'Audit Report'!J544,'Audit Report'!K544) -> , , | M544: ='Audit Report'!L544&"" | N544: {=IF(M544="","", _xlfn.TEXTJOIN(", ",TRUE, _xlfn.MAP(_xlfn.TEXTSPLIT(M544,","),_xlfn.LAMBDA(_xlpm.x, _xlfn.LET( _xlpm.item,TRIM(_xlpm.x), _xlpm.descCode, _xlfn.XLOOKUP(_xlpm.item,'Diagnostics Code'!$C$2:$C$500,'Diagnostics Code'!$B$2:$B$500,""), _xlpm.itadCode, IFERROR( INDEX('Diagnostics Code'!$B$2:$B$500, MATCH(TRUE, _xlfn.BYROW('Diagnostics Code'!$D$2:$D$500, _xlfn.LAMBDA(_xlpm.r,ISNUMBER(MATCH(_xlpm.item,TRIM(_xlfn.TEXTSPLIT(_xlpm.r,",")),0))) ), 0) ), ""), IF(_xlpm.descCode<>"",_xlpm.descCode,_xlpm.itadCode) ) )) ))} | R544: =_xlfn.XLOOKUP('Audit Report'!D544,Data!A:A,Data!C:C) -> #N/A | S544: ='[1]Audit Report'!N544
D545: ='Audit Report'!A545&"" -> ITD-SHR11556-W4544 | E545: ='Audit Report'!B545&"" | G545: ='Audit Report'!C545&"" | I545: =_xlfn.XLOOKUP('Audit Report'!D545,Data!A:A,Data!B:B,'Audit Report'!D545)&"" | J545: ='Audit Report'!F545&"" | L545: =_xlfn.TEXTJOIN(", ", FALSE, 'Audit Report'!I545,'Audit Report'!J545,'Audit Report'!K545) -> , , | M545: ='Audit Report'!L545&"" | N545: {=IF(M545="","", _xlfn.TEXTJOIN(", ",TRUE, _xlfn.MAP(_xlfn.TEXTSPLIT(M545,","),_xlfn.LAMBDA(_xlpm.x, _xlfn.LET( _xlpm.item,TRIM(_xlpm.x), _xlpm.descCode, _xlfn.XLOOKUP(_xlpm.item,'Diagnostics Code'!$C$2:$C$500,'Diagnostics Code'!$B$2:$B$500,""), _xlpm.itadCode, IFERROR( INDEX('Diagnostics Code'!$B$2:$B$500, MATCH(TRUE, _xlfn.BYROW('Diagnostics Code'!$D$2:$D$500, _xlfn.LAMBDA(_xlpm.r,ISNUMBER(MATCH(_xlpm.item,TRIM(_xlfn.TEXTSPLIT(_xlpm.r,",")),0))) ), 0) ), ""), IF(_xlpm.descCode<>"",_xlpm.descCode,_xlpm.itadCode) ) )) ))} | R545: =_xlfn.XLOOKUP('Audit Report'!D545,Data!A:A,Data!C:C) -> #N/A | S545: ='[1]Audit Report'!N545
D546: ='Audit Report'!A546&"" -> ITD-SHR11556-W4545 | E546: ='Audit Report'!B546&"" | G546: ='Audit Report'!C546&"" | I546: =_xlfn.XLOOKUP('Audit Report'!D546,Data!A:A,Data!B:B,'Audit Report'!D546)&"" | J546: ='Audit Report'!F546&"" | L546: =_xlfn.TEXTJOIN(", ", FALSE, 'Audit Report'!I546,'Audit Report'!J546,'Audit Report'!K546) -> , , | M546: ='Audit Report'!L546&"" | N546: {=IF(M546="","", _xlfn.TEXTJOIN(", ",TRUE, _xlfn.MAP(_xlfn.TEXTSPLIT(M546,","),_xlfn.LAMBDA(_xlpm.x, _xlfn.LET( _xlpm.item,TRIM(_xlpm.x), _xlpm.descCode, _xlfn.XLOOKUP(_xlpm.item,'Diagnostics Code'!$C$2:$C$500,'Diagnostics Code'!$B$2:$B$500,""), _xlpm.itadCode, IFERROR( INDEX('Diagnostics Code'!$B$2:$B$500, MATCH(TRUE, _xlfn.BYROW('Diagnostics Code'!$D$2:$D$500, _xlfn.LAMBDA(_xlpm.r,ISNUMBER(MATCH(_xlpm.item,TRIM(_xlfn.TEXTSPLIT(_xlpm.r,",")),0))) ), 0) ), ""), IF(_xlpm.descCode<>"",_xlpm.descCode,_xlpm.itadCode) ) )) ))} | R546: =_xlfn.XLOOKUP('Audit Report'!D546,Data!A:A,Data!C:C) -> #N/A | S546: ='[1]Audit Report'!N546
D547: ='Audit Report'!A547&"" -> ITD-SHR11556-W4546 | E547: ='Audit Report'!B547&"" | G547: ='Audit Report'!C547&"" | I547: =_xlfn.XLOOKUP('Audit Report'!D547,Data!A:A,Data!B:B,'Audit Report'!D547)&"" | J547: ='Audit Report'!F547&"" | L547: =_xlfn.TEXTJOIN(", ", FALSE, 'Audit Report'!I547,'Audit Report'!J547,'Audit Report'!K547) -> , , | M547: ='Audit Report'!L547&"" | N547: {=IF(M547="","", _xlfn.TEXTJOIN(", ",TRUE, _xlfn.MAP(_xlfn.TEXTSPLIT(M547,","),_xlfn.LAMBDA(_xlpm.x, _xlfn.LET( _xlpm.item,TRIM(_xlpm.x), _xlpm.descCode, _xlfn.XLOOKUP(_xlpm.item,'Diagnostics Code'!$C$2:$C$500,'Diagnostics Code'!$B$2:$B$500,""), _xlpm.itadCode, IFERROR( INDEX('Diagnostics Code'!$B$2:$B$500, MATCH(TRUE, _xlfn.BYROW('Diagnostics Code'!$D$2:$D$500, _xlfn.LAMBDA(_xlpm.r,ISNUMBER(MATCH(_xlpm.item,TRIM(_xlfn.TEXTSPLIT(_xlpm.r,",")),0))) ), 0) ), ""), IF(_xlpm.descCode<>"",_xlpm.descCode,_xlpm.itadCode) ) )) ))} | R547: =_xlfn.XLOOKUP('Audit Report'!D547,Data!A:A,Data!C:C) -> #N/A | S547: ='[1]Audit Report'!N547
D548: ='Audit Report'!A548&"" -> ITD-SHR11556-W4547 | E548: ='Audit Report'!B548&"" | G548: ='Audit Report'!C548&"" | I548: =_xlfn.XLOOKUP('Audit Report'!D548,Data!A:A,Data!B:B,'Audit Report'!D548)&"" | J548: ='Audit Report'!F548&"" | L548: =_xlfn.TEXTJOIN(", ", FALSE, 'Audit Report'!I548,'Audit Report'!J548,'Audit Report'!K548) -> , , | M548: ='Audit Report'!L548&"" | N548: {=IF(M548="","", _xlfn.TEXTJOIN(", ",TRUE, _xlfn.MAP(_xlfn.TEXTSPLIT(M548,","),_xlfn.LAMBDA(_xlpm.x, _xlfn.LET( _xlpm.item,TRIM(_xlpm.x), _xlpm.descCode, _xlfn.XLOOKUP(_xlpm.item,'Diagnostics Code'!$C$2:$C$500,'Diagnostics Code'!$B$2:$B$500,""), _xlpm.itadCode, IFERROR( INDEX('Diagnostics Code'!$B$2:$B$500, MATCH(TRUE, _xlfn.BYROW('Diagnostics Code'!$D$2:$D$500, _xlfn.LAMBDA(_xlpm.r,ISNUMBER(MATCH(_xlpm.item,TRIM(_xlfn.TEXTSPLIT(_xlpm.r,",")),0))) ), 0) ), ""), IF(_xlpm.descCode<>"",_xlpm.descCode,_xlpm.itadCode) ) )) ))} | R548: =_xlfn.XLOOKUP('Audit Report'!D548,Data!A:A,Data!C:C) -> #N/A | S548: ='[1]Audit Report'!N548
D549: ='Audit Report'!A549&"" -> ITD-SHR11556-W4548 | E549: ='Audit Report'!B549&"" | G549: ='Audit Report'!C549&"" | I549: =_xlfn.XLOOKUP('Audit Report'!D549,Data!A:A,Data!B:B,'Audit Report'!D549)&"" | J549: ='Audit Report'!F549&"" | L549: =_xlfn.TEXTJOIN(", ", FALSE, 'Audit Report'!I549,'Audit Report'!J549,'Audit Report'!K549) -> , , | M549: ='Audit Report'!L549&"" | N549: {=IF(M549="","", _xlfn.TEXTJOIN(", ",TRUE, _xlfn.MAP(_xlfn.TEXTSPLIT(M549,","),_xlfn.LAMBDA(_xlpm.x, _xlfn.LET( _xlpm.item,TRIM(_xlpm.x), _xlpm.descCode, _xlfn.XLOOKUP(_xlpm.item,'Diagnostics Code'!$C$2:$C$500,'Diagnostics Code'!$B$2:$B$500,""), _xlpm.itadCode, IFERROR( INDEX('Diagnostics Code'!$B$2:$B$500, MATCH(TRUE, _xlfn.BYROW('Diagnostics Code'!$D$2:$D$500, _xlfn.LAMBDA(_xlpm.r,ISNUMBER(MATCH(_xlpm.item,TRIM(_xlfn.TEXTSPLIT(_xlpm.r,",")),0))) ), 0) ), ""), IF(_xlpm.descCode<>"",_xlpm.descCode,_xlpm.itadCode) ) )) ))} | R549: =_xlfn.XLOOKUP('Audit Report'!D549,Data!A:A,Data!C:C) -> #N/A | S549: ='[1]Audit Report'!N549
D550: ='Audit Report'!A550&"" -> ITD-SHR11556-W4549 | E550: ='Audit Report'!B550&"" | G550: ='Audit Report'!C550&"" | I550: =_xlfn.XLOOKUP('Audit Report'!D550,Data!A:A,Data!B:B,'Audit Report'!D550)&"" | J550: ='Audit Report'!F550&"" | L550: =_xlfn.TEXTJOIN(", ", FALSE, 'Audit Report'!I550,'Audit Report'!J550,'Audit Report'!K550) -> , , | M550: ='Audit Report'!L550&"" | N550: {=IF(M550="","", _xlfn.TEXTJOIN(", ",TRUE, _xlfn.MAP(_xlfn.TEXTSPLIT(M550,","),_xlfn.LAMBDA(_xlpm.x, _xlfn.LET( _xlpm.item,TRIM(_xlpm.x), _xlpm.descCode, _xlfn.XLOOKUP(_xlpm.item,'Diagnostics Code'!$C$2:$C$500,'Diagnostics Code'!$B$2:$B$500,""), _xlpm.itadCode, IFERROR( INDEX('Diagnostics Code'!$B$2:$B$500, MATCH(TRUE, _xlfn.BYROW('Diagnostics Code'!$D$2:$D$500, _xlfn.LAMBDA(_xlpm.r,ISNUMBER(MATCH(_xlpm.item,TRIM(_xlfn.TEXTSPLIT(_xlpm.r,",")),0))) ), 0) ), ""), IF(_xlpm.descCode<>"",_xlpm.descCode,_xlpm.itadCode) ) )) ))} | R550: =_xlfn.XLOOKUP('Audit Report'!D550,Data!A:A,Data!C:C) -> #N/A | S550: ='[1]Audit Report'!N550
D551: ='Audit Report'!A551&"" -> ITD-SHR11556-W4550 | E551: ='Audit Report'!B551&"" | G551: ='Audit Report'!C551&"" | I551: =_xlfn.XLOOKUP('Audit Report'!D551,Data!A:A,Data!B:B,'Audit Report'!D551)&"" | J551: ='Audit Report'!F551&"" | L551: =_xlfn.TEXTJOIN(", ", FALSE, 'Audit Report'!I551,'Audit Report'!J551,'Audit Report'!K551) -> , , | M551: ='Audit Report'!L551&"" | N551: {=IF(M551="","", _xlfn.TEXTJOIN(", ",TRUE, _xlfn.MAP(_xlfn.TEXTSPLIT(M551,","),_xlfn.LAMBDA(_xlpm.x, _xlfn.LET( _xlpm.item,TRIM(_xlpm.x), _xlpm.descCode, _xlfn.XLOOKUP(_xlpm.item,'Diagnostics Code'!$C$2:$C$500,'Diagnostics Code'!$B$2:$B$500,""), _xlpm.itadCode, IFERROR( INDEX('Diagnostics Code'!$B$2:$B$500, MATCH(TRUE, _xlfn.BYROW('Diagnostics Code'!$D$2:$D$500, _xlfn.LAMBDA(_xlpm.r,ISNUMBER(MATCH(_xlpm.item,TRIM(_xlfn.TEXTSPLIT(_xlpm.r,",")),0))) ), 0) ), ""), IF(_xlpm.descCode<>"",_xlpm.descCode,_xlpm.itadCode) ) )) ))} | R551: =_xlfn.XLOOKUP('Audit Report'!D551,Data!A:A,Data!C:C) -> #N/A | S551: ='[1]Audit Report'!N551
... D598: ='Audit Report'!A598&"" -> ITD-SHR11556-W4597 | E598: ='Audit Report'!B598&"" | G598: ='Audit Report'!C598&"" | I598: =_xlfn.XLOOKUP('Audit Report'!D598,Data!A:A,Data!B:B,'Audit Report'!D598)&"" | J598: ='Audit Report'!F598&"" | L598: =_xlfn.TEXTJOIN(", ", FALSE, 'Audit Report'!I598,'Audit Report'!J598,'Audit Report'!K598) -> , , | M598: ='Audit Report'!L598&"" | N598: {=IF(M598="","", _xlfn.TEXTJOIN(", ",TRUE, _xlfn.MAP(_xlfn.TEXTSPLIT(M598,","),_xlfn.LAMBDA(_xlpm.x, _xlfn.LET( _xlpm.item,TRIM(_xlpm.x), _xlpm.descCode, _xlfn.XLOOKUP(_xlpm.item,'Diagnostics Code'!$C$2:$C$500,'Diagnostics Code'!$B$2:$B$500,""), _xlpm.itadCode, IFERROR( INDEX('Diagnostics Code'!$B$2:$B$500, MATCH(TRUE, _xlfn.BYROW('Diagnostics Code'!$D$2:$D$500, _xlfn.LAMBDA(_xlpm.r,ISNUMBER(MATCH(_xlpm.item,TRIM(_xlfn.TEXTSPLIT(_xlpm.r,",")),0))) ), 0) ), ""), IF(_xlpm.descCode<>"",_xlpm.descCode,_xlpm.itadCode) ) )) ))} | R598: =_xlfn.XLOOKUP('Audit Report'!D598,Data!A:A,Data!C:C) -> #N/A | S598: ='[1]Audit Report'!N598
D599: ='Audit Report'!A599&"" -> ITD-SHR11556-W4598 | E599: ='Audit Report'!B599&"" | G599: ='Audit Report'!C599&"" | I599: =_xlfn.XLOOKUP('Audit Report'!D599,Data!A:A,Data!B:B,'Audit Report'!D599)&"" | J599: ='Audit Report'!F599&"" | L599: =_xlfn.TEXTJOIN(", ", FALSE, 'Audit Report'!I599,'Audit Report'!J599,'Audit Report'!K599) -> , , | M599: ='[1]Audit Report'!M599 | N599: {=IF(M599="","", _xlfn.TEXTJOIN(", ",TRUE, _xlfn.MAP(_xlfn.TEXTSPLIT(M599,","),_xlfn.LAMBDA(_xlpm.x, _xlfn.LET( _xlpm.item,TRIM(_xlpm.x), _xlpm.descCode, _xlfn.XLOOKUP(_xlpm.item,'Diagnostics Code'!$C$2:$C$500,'Diagnostics Code'!$B$2:$B$500,""), _xlpm.itadCode, IFERROR( INDEX('Diagnostics Code'!$B$2:$B$500, MATCH(TRUE, _xlfn.BYROW('Diagnostics Code'!$D$2:$D$500, _xlfn.LAMBDA(_xlpm.r,ISNUMBER(MATCH(_xlpm.item,TRIM(_xlfn.TEXTSPLIT(_xlpm.r,",")),0))) ), 0) ), ""), IF(_xlpm.descCode<>"",_xlpm.descCode,_xlpm.itadCode) ) )) ))} | R599: =_xlfn.XLOOKUP('Audit Report'!D599,Data!A:A,Data!C:C) -> #N/A | S599: ='[1]Audit Report'!N599
D600: ='Audit Report'!A600&"" -> ITD-SHR11556-W4599 | E600: ='Audit Report'!B600&"" | G600: ='Audit Report'!C600&"" | I600: =_xlfn.XLOOKUP('Audit Report'!D600,Data!A:A,Data!B:B,'Audit Report'!D600)&"" | J600: ='Audit Report'!F600&"" | L600: =_xlfn.TEXTJOIN(", ", FALSE, 'Audit Report'!I600,'Audit Report'!J600,'Audit Report'!K600) -> , , | M600: ='[1]Audit Report'!M600 | N600: {=IF(M600="","", _xlfn.TEXTJOIN(", ",TRUE, _xlfn.MAP(_xlfn.TEXTSPLIT(M600,","),_xlfn.LAMBDA(_xlpm.x, _xlfn.LET( _xlpm.item,TRIM(_xlpm.x), _xlpm.descCode, _xlfn.XLOOKUP(_xlpm.item,'Diagnostics Code'!$C$2:$C$500,'Diagnostics Code'!$B$2:$B$500,""), _xlpm.itadCode, IFERROR( INDEX('Diagnostics Code'!$B$2:$B$500, MATCH(TRUE, _xlfn.BYROW('Diagnostics Code'!$D$2:$D$500, _xlfn.LAMBDA(_xlpm.r,ISNUMBER(MATCH(_xlpm.item,TRIM(_xlfn.TEXTSPLIT(_xlpm.r,",")),0))) ), 0) ), ""), IF(_xlpm.descCode<>"",_xlpm.descCode,_xlpm.itadCode) ) )) ))} | R600: =_xlfn.XLOOKUP('Audit Report'!D600,Data!A:A,Data!C:C) -> #N/A | S600: ='[1]Audit Report'!N600
D601: ='Audit Report'!A601&"" -> ITD-SHR11556-W4600 | E601: ='Audit Report'!B601&"" | G601: ='Audit Report'!C601&"" | I601: =_xlfn.XLOOKUP('Audit Report'!D601,Data!A:A,Data!B:B,'Audit Report'!D601)&"" | J601: ='Audit Report'!F601&"" | L601: =_xlfn.TEXTJOIN(", ", FALSE, 'Audit Report'!I601,'Audit Report'!J601,'Audit Report'!K601) -> , , | M601: ='[1]Audit Report'!M601 | N601: {=IF(M601="","", _xlfn.TEXTJOIN(", ",TRUE, _xlfn.MAP(_xlfn.TEXTSPLIT(M601,","),_xlfn.LAMBDA(_xlpm.x, _xlfn.LET( _xlpm.item,TRIM(_xlpm.x), _xlpm.descCode, _xlfn.XLOOKUP(_xlpm.item,'Diagnostics Code'!$C$2:$C$500,'Diagnostics Code'!$B$2:$B$500,""), _xlpm.itadCode, IFERROR( INDEX('Diagnostics Code'!$B$2:$B$500, MATCH(TRUE, _xlfn.BYROW('Diagnostics Code'!$D$2:$D$500, _xlfn.LAMBDA(_xlpm.r,ISNUMBER(MATCH(_xlpm.item,TRIM(_xlfn.TEXTSPLIT(_xlpm.r,",")),0))) ), 0) ), ""), IF(_xlpm.descCode<>"",_xlpm.descCode,_xlpm.itadCode) ) )) ))} | R601: =_xlfn.XLOOKUP('Audit Report'!D601,Data!A:A,Data!C:C) -> #N/A | S601: ='[1]Audit Report'!N601
D602: ='Audit Report'!A602&"" -> ITD-SHR11556-W4601 | E602: ='Audit Report'!B602&"" | G602: ='Audit Report'!C602&"" | I602: =_xlfn.XLOOKUP('Audit Report'!D602,Data!A:A,Data!B:B,'Audit Report'!D602)&"" | J602: ='Audit Report'!F602&"" | L602: =_xlfn.TEXTJOIN(", ", FALSE, 'Audit Report'!I602,'Audit Report'!J602,'Audit Report'!K602) -> , , | M602: ='[1]Audit Report'!M602 | N602: {=IF(M602="","", _xlfn.TEXTJOIN(", ",TRUE, _xlfn.MAP(_xlfn.TEXTSPLIT(M602,","),_xlfn.LAMBDA(_xlpm.x, _xlfn.LET( _xlpm.item,TRIM(_xlpm.x), _xlpm.descCode, _xlfn.XLOOKUP(_xlpm.item,'Diagnostics Code'!$C$2:$C$500,'Diagnostics Code'!$B$2:$B$500,""), _xlpm.itadCode, IFERROR( INDEX('Diagnostics Code'!$B$2:$B$500, MATCH(TRUE, _xlfn.BYROW('Diagnostics Code'!$D$2:$D$500, _xlfn.LAMBDA(_xlpm.r,ISNUMBER(MATCH(_xlpm.item,TRIM(_xlfn.TEXTSPLIT(_xlpm.r,",")),0))) ), 0) ), ""), IF(_xlpm.descCode<>"",_xlpm.descCode,_xlpm.itadCode) ) )) ))} | R602: =_xlfn.XLOOKUP('Audit Report'!D602,Data!A:A,Data!C:C) -> #N/A | S602: ='[1]Audit Report'!N602
D603: ='Audit Report'!A603&"" -> ITD-SHR11556-W4602 | E603: ='Audit Report'!B603&"" | G603: ='Audit Report'!C603&"" | I603: =_xlfn.XLOOKUP('Audit Report'!D603,Data!A:A,Data!B:B,'Audit Report'!D603)&"" | J603: ='Audit Report'!F603&"" | L603: =_xlfn.TEXTJOIN(", ", FALSE, 'Audit Report'!I603,'Audit Report'!J603,'Audit Report'!K603) -> , , | M603: ='[1]Audit Report'!M603 | N603: {=IF(M603="","", _xlfn.TEXTJOIN(", ",TRUE, _xlfn.MAP(_xlfn.TEXTSPLIT(M603,","),_xlfn.LAMBDA(_xlpm.x, _xlfn.LET( _xlpm.item,TRIM(_xlpm.x), _xlpm.descCode, _xlfn.XLOOKUP(_xlpm.item,'Diagnostics Code'!$C$2:$C$500,'Diagnostics Code'!$B$2:$B$500,""), _xlpm.itadCode, IFERROR( INDEX('Diagnostics Code'!$B$2:$B$500, MATCH(TRUE, _xlfn.BYROW('Diagnostics Code'!$D$2:$D$500, _xlfn.LAMBDA(_xlpm.r,ISNUMBER(MATCH(_xlpm.item,TRIM(_xlfn.TEXTSPLIT(_xlpm.r,",")),0))) ), 0) ), ""), IF(_xlpm.descCode<>"",_xlpm.descCode,_xlpm.itadCode) ) )) ))} | R603: =_xlfn.XLOOKUP('Audit Report'!D603,Data!A:A,Data!C:C) -> #N/A | S603: ='[1]Audit Report'!N603
D604: ='Audit Report'!A604&"" -> ITD-SHR11556-W4603 | E604: ='Audit Report'!B604&"" | G604: ='Audit Report'!C604&"" | I604: =_xlfn.XLOOKUP('Audit Report'!D604,Data!A:A,Data!B:B,'Audit Report'!D604)&"" | J604: ='Audit Report'!F604&"" | L604: =_xlfn.TEXTJOIN(", ", FALSE, 'Audit Report'!I604,'Audit Report'!J604,'Audit Report'!K604) -> , , | M604: ='[1]Audit Report'!M604 | N604: {=IF(M604="","", _xlfn.TEXTJOIN(", ",TRUE, _xlfn.MAP(_xlfn.TEXTSPLIT(M604,","),_xlfn.LAMBDA(_xlpm.x, _xlfn.LET( _xlpm.item,TRIM(_xlpm.x), _xlpm.descCode, _xlfn.XLOOKUP(_xlpm.item,'Diagnostics Code'!$C$2:$C$500,'Diagnostics Code'!$B$2:$B$500,""), _xlpm.itadCode, IFERROR( INDEX('Diagnostics Code'!$B$2:$B$500, MATCH(TRUE, _xlfn.BYROW('Diagnostics Code'!$D$2:$D$500, _xlfn.LAMBDA(_xlpm.r,ISNUMBER(MATCH(_xlpm.item,TRIM(_xlfn.TEXTSPLIT(_xlpm.r,",")),0))) ), 0) ), ""), IF(_xlpm.descCode<>"",_xlpm.descCode,_xlpm.itadCode) ) )) ))} | R604: =_xlfn.XLOOKUP('Audit Report'!D604,Data!A:A,Data!C:C) -> #N/A | S604: ='[1]Audit Report'!N604
D605: ='Audit Report'!A605&"" -> ITD-SHR11556-W4604 | E605: ='Audit Report'!B605&"" | G605: ='Audit Report'!C605&"" | I605: =_xlfn.XLOOKUP('Audit Report'!D605,Data!A:A,Data!B:B,'Audit Report'!D605)&"" | J605: ='Audit Report'!F605&"" | L605: =_xlfn.TEXTJOIN(", ", FALSE, 'Audit Report'!I605,'Audit Report'!J605,'Audit Report'!K605) -> , , | M605: ='[1]Audit Report'!M605 | N605: {=IF(M605="","", _xlfn.TEXTJOIN(", ",TRUE, _xlfn.MAP(_xlfn.TEXTSPLIT(M605,","),_xlfn.LAMBDA(_xlpm.x, _xlfn.LET( _xlpm.item,TRIM(_xlpm.x), _xlpm.descCode, _xlfn.XLOOKUP(_xlpm.item,'Diagnostics Code'!$C$2:$C$500,'Diagnostics Code'!$B$2:$B$500,""), _xlpm.itadCode, IFERROR( INDEX('Diagnostics Code'!$B$2:$B$500, MATCH(TRUE, _xlfn.BYROW('Diagnostics Code'!$D$2:$D$500, _xlfn.LAMBDA(_xlpm.r,ISNUMBER(MATCH(_xlpm.item,TRIM(_xlfn.TEXTSPLIT(_xlpm.r,",")),0))) ), 0) ), ""), IF(_xlpm.descCode<>"",_xlpm.descCode,_xlpm.itadCode) ) )) ))} | R605: =_xlfn.XLOOKUP('Audit Report'!D605,Data!A:A,Data!C:C) -> #N/A | S605: ='[1]Audit Report'!N605
D606: ='Audit Report'!A606&"" -> ITD-SHR11556-W4605 | E606: ='Audit Report'!B606&"" | G606: ='Audit Report'!C606&"" | I606: =_xlfn.XLOOKUP('Audit Report'!D606,Data!A:A,Data!B:B,'Audit Report'!D606)&"" | J606: ='Audit Report'!F606&"" | L606: =_xlfn.TEXTJOIN(", ", FALSE, 'Audit Report'!I606,'Audit Report'!J606,'Audit Report'!K606) -> , , | M606: ='[1]Audit Report'!M606 | N606: {=IF(M606="","", _xlfn.TEXTJOIN(", ",TRUE, _xlfn.MAP(_xlfn.TEXTSPLIT(M606,","),_xlfn.LAMBDA(_xlpm.x, _xlfn.LET( _xlpm.item,TRIM(_xlpm.x), _xlpm.descCode, _xlfn.XLOOKUP(_xlpm.item,'Diagnostics Code'!$C$2:$C$500,'Diagnostics Code'!$B$2:$B$500,""), _xlpm.itadCode, IFERROR( INDEX('Diagnostics Code'!$B$2:$B$500, MATCH(TRUE, _xlfn.BYROW('Diagnostics Code'!$D$2:$D$500, _xlfn.LAMBDA(_xlpm.r,ISNUMBER(MATCH(_xlpm.item,TRIM(_xlfn.TEXTSPLIT(_xlpm.r,",")),0))) ), 0) ), ""), IF(_xlpm.descCode<>"",_xlpm.descCode,_xlpm.itadCode) ) )) ))} | R606: =_xlfn.XLOOKUP('Audit Report'!D606,Data!A:A,Data!C:C) -> #N/A | S606: ='[1]Audit Report'!N606
D607: ='Audit Report'!A607&"" -> ITD-SHR11556-W4606 | E607: ='Audit Report'!B607&"" | G607: ='Audit Report'!C607&"" | I607: =_xlfn.XLOOKUP('Audit Report'!D607,Data!A:A,Data!B:B,'Audit Report'!D607)&"" | J607: ='Audit Report'!F607&"" | L607: =_xlfn.TEXTJOIN(", ", FALSE, 'Audit Report'!I607,'Audit Report'!J607,'Audit Report'!K607) -> , , | M607: ='[1]Audit Report'!M607 | N607: {=IF(M607="","", _xlfn.TEXTJOIN(", ",TRUE, _xlfn.MAP(_xlfn.TEXTSPLIT(M607,","),_xlfn.LAMBDA(_xlpm.x, _xlfn.LET( _xlpm.item,TRIM(_xlpm.x), _xlpm.descCode, _xlfn.XLOOKUP(_xlpm.item,'Diagnostics Code'!$C$2:$C$500,'Diagnostics Code'!$B$2:$B$500,""), _xlpm.itadCode, IFERROR( INDEX('Diagnostics Code'!$B$2:$B$500, MATCH(TRUE, _xlfn.BYROW('Diagnostics Code'!$D$2:$D$500, _xlfn.LAMBDA(_xlpm.r,ISNUMBER(MATCH(_xlpm.item,TRIM(_xlfn.TEXTSPLIT(_xlpm.r,",")),0))) ), 0) ), ""), IF(_xlpm.descCode<>"",_xlpm.descCode,_xlpm.itadCode) ) )) ))} | R607: =_xlfn.XLOOKUP('Audit Report'!D607,Data!A:A,Data!C:C) -> #N/A | S607: ='[1]Audit Report'!N607
D608: ='Audit Report'!A608&"" -> ITD-SHR11556-W4607 | E608: ='Audit Report'!B608&"" | G608: ='Audit Report'!C608&"" | I608: =_xlfn.XLOOKUP('Audit Report'!D608,Data!A:A,Data!B:B,'Audit Report'!D608)&"" | J608: ='Audit Report'!F608&"" | L608: =_xlfn.TEXTJOIN(", ", FALSE, 'Audit Report'!I608,'Audit Report'!J608,'Audit Report'!K608) -> , , | M608: ='[1]Audit Report'!M608 | N608: {=IF(M608="","", _xlfn.TEXTJOIN(", ",TRUE, _xlfn.MAP(_xlfn.TEXTSPLIT(M608,","),_xlfn.LAMBDA(_xlpm.x, _xlfn.LET( _xlpm.item,TRIM(_xlpm.x), _xlpm.descCode, _xlfn.XLOOKUP(_xlpm.item,'Diagnostics Code'!$C$2:$C$500,'Diagnostics Code'!$B$2:$B$500,""), _xlpm.itadCode, IFERROR( INDEX('Diagnostics Code'!$B$2:$B$500, MATCH(TRUE, _xlfn.BYROW('Diagnostics Code'!$D$2:$D$500, _xlfn.LAMBDA(_xlpm.r,ISNUMBER(MATCH(_xlpm.item,TRIM(_xlfn.TEXTSPLIT(_xlpm.r,",")),0))) ), 0) ), ""), IF(_xlpm.descCode<>"",_xlpm.descCode,_xlpm.itadCode) ) )) ))} | R608: =_xlfn.XLOOKUP('Audit Report'!D608,Data!A:A,Data!C:C) -> #N/A | S608: ='[1]Audit Report'!N608
D609: ='Audit Report'!A609&"" -> ITD-SHR11556-W4608 | E609: ='Audit Report'!B609&"" | G609: ='Audit Report'!C609&"" | I609: =_xlfn.XLOOKUP('Audit Report'!D609,Data!A:A,Data!B:B,'Audit Report'!D609)&"" | J609: ='Audit Report'!F609&"" | L609: =_xlfn.TEXTJOIN(", ", FALSE, 'Audit Report'!I609,'Audit Report'!J609,'Audit Report'!K609) -> , , | M609: ='[1]Audit Report'!M609 | N609: {=IF(M609="","", _xlfn.TEXTJOIN(", ",TRUE, _xlfn.MAP(_xlfn.TEXTSPLIT(M609,","),_xlfn.LAMBDA(_xlpm.x, _xlfn.LET( _xlpm.item,TRIM(_xlpm.x), _xlpm.descCode, _xlfn.XLOOKUP(_xlpm.item,'Diagnostics Code'!$C$2:$C$500,'Diagnostics Code'!$B$2:$B$500,""), _xlpm.itadCode, IFERROR( INDEX('Diagnostics Code'!$B$2:$B$500, MATCH(TRUE, _xlfn.BYROW('Diagnostics Code'!$D$2:$D$500, _xlfn.LAMBDA(_xlpm.r,ISNUMBER(MATCH(_xlpm.item,TRIM(_xlfn.TEXTSPLIT(_xlpm.r,",")),0))) ), 0) ), ""), IF(_xlpm.descCode<>"",_xlpm.descCode,_xlpm.itadCode) ) )) ))} | R609: =_xlfn.XLOOKUP('Audit Report'!D609,Data!A:A,Data!C:C) -> #N/A | S609: ='[1]Audit Report'!N609
D610: ='Audit Report'!A610&"" -> ITD-SHR11556-W4609 | E610: ='Audit Report'!B610&"" | G610: ='Audit Report'!C610&"" | I610: =_xlfn.XLOOKUP('Audit Report'!D610,Data!A:A,Data!B:B,'Audit Report'!D610)&"" | J610: ='Audit Report'!F610&"" | L610: =_xlfn.TEXTJOIN(", ", FALSE, 'Audit Report'!I610,'Audit Report'!J610,'Audit Report'!K610) -> , , | M610: ='[1]Audit Report'!M610 | N610: {=IF(M610="","", _xlfn.TEXTJOIN(", ",TRUE, _xlfn.MAP(_xlfn.TEXTSPLIT(M610,","),_xlfn.LAMBDA(_xlpm.x, _xlfn.LET( _xlpm.item,TRIM(_xlpm.x), _xlpm.descCode, _xlfn.XLOOKUP(_xlpm.item,'Diagnostics Code'!$C$2:$C$500,'Diagnostics Code'!$B$2:$B$500,""), _xlpm.itadCode, IFERROR( INDEX('Diagnostics Code'!$B$2:$B$500, MATCH(TRUE, _xlfn.BYROW('Diagnostics Code'!$D$2:$D$500, _xlfn.LAMBDA(_xlpm.r,ISNUMBER(MATCH(_xlpm.item,TRIM(_xlfn.TEXTSPLIT(_xlpm.r,",")),0))) ), 0) ), ""), IF(_xlpm.descCode<>"",_xlpm.descCode,_xlpm.itadCode) ) )) ))} | R610: =_xlfn.XLOOKUP('Audit Report'!D610,Data!A:A,Data!C:C) -> #N/A | S610: ='[1]Audit Report'!N610
... D640: ='Audit Report'!A640&"" -> ITD-SHR11556-W4639 | E640: ='Audit Report'!B640&"" | G640: ='Audit Report'!C640&"" | I640: =_xlfn.XLOOKUP('Audit Report'!D640,Data!A:A,Data!B:B,'Audit Report'!D640)&"" | J640: ='Audit Report'!F640&"" | L640: =_xlfn.TEXTJOIN(", ", FALSE, 'Audit Report'!I640,'Audit Report'!J640,'Audit Report'!K640) -> , , | M640: ='[1]Audit Report'!M640 | N640: {=IF(M640="","", _xlfn.TEXTJOIN(", ",TRUE, _xlfn.MAP(_xlfn.TEXTSPLIT(M640,","),_xlfn.LAMBDA(_xlpm.x, _xlfn.LET( _xlpm.item,TRIM(_xlpm.x), _xlpm.descCode, _xlfn.XLOOKUP(_xlpm.item,'Diagnostics Code'!$C$2:$C$500,'Diagnostics Code'!$B$2:$B$500,""), _xlpm.itadCode, IFERROR( INDEX('Diagnostics Code'!$B$2:$B$500, MATCH(TRUE, _xlfn.BYROW('Diagnostics Code'!$D$2:$D$500, _xlfn.LAMBDA(_xlpm.r,ISNUMBER(MATCH(_xlpm.item,TRIM(_xlfn.TEXTSPLIT(_xlpm.r,",")),0))) ), 0) ), ""), IF(_xlpm.descCode<>"",_xlpm.descCode,_xlpm.itadCode) ) )) ))} | R640: =_xlfn.XLOOKUP('Audit Report'!D640,Data!A:A,Data!C:C) -> #N/A | S640: ='[1]Audit Report'!N640
D641: ='Audit Report'!A641&"" -> ITD-SHR11556-W4640 | E641: ='[1]Audit Report'!C641 | G641: ='Audit Report'!C641&"" | I641: =_xlfn.XLOOKUP('Audit Report'!D641,Data!A:A,Data!B:B,'Audit Report'!D641)&"" | J641: ='Audit Report'!F641&"" | L641: =_xlfn.TEXTJOIN(", ", FALSE, 'Audit Report'!I641,'Audit Report'!J641,'Audit Report'!K641) -> , , | M641: ='[1]Audit Report'!M641 | N641: {=IF(M641="","", _xlfn.TEXTJOIN(", ",TRUE, _xlfn.MAP(_xlfn.TEXTSPLIT(M641,","),_xlfn.LAMBDA(_xlpm.x, _xlfn.LET( _xlpm.item,TRIM(_xlpm.x), _xlpm.descCode, _xlfn.XLOOKUP(_xlpm.item,'Diagnostics Code'!$C$2:$C$500,'Diagnostics Code'!$B$2:$B$500,""), _xlpm.itadCode, IFERROR( INDEX('Diagnostics Code'!$B$2:$B$500, MATCH(TRUE, _xlfn.BYROW('Diagnostics Code'!$D$2:$D$500, _xlfn.LAMBDA(_xlpm.r,ISNUMBER(MATCH(_xlpm.item,TRIM(_xlfn.TEXTSPLIT(_xlpm.r,",")),0))) ), 0) ), ""), IF(_xlpm.descCode<>"",_xlpm.descCode,_xlpm.itadCode) ) )) ))} | R641: =_xlfn.XLOOKUP('Audit Report'!D641,Data!A:A,Data!C:C) -> #N/A | S641: ='[1]Audit Report'!N641
D642: ='Audit Report'!A642&"" -> ITD-SHR11556-W4641 | E642: ='[1]Audit Report'!C642 | G642: ='Audit Report'!C642&"" | I642: =_xlfn.XLOOKUP('Audit Report'!D642,Data!A:A,Data!B:B,'Audit Report'!D642)&"" | J642: ='Audit Report'!F642&"" | L642: =_xlfn.TEXTJOIN(", ", FALSE, 'Audit Report'!I642,'Audit Report'!J642,'Audit Report'!K642) -> , , | M642: ='[1]Audit Report'!M642 | N642: {=IF(M642="","", _xlfn.TEXTJOIN(", ",TRUE, _xlfn.MAP(_xlfn.TEXTSPLIT(M642,","),_xlfn.LAMBDA(_xlpm.x, _xlfn.LET( _xlpm.item,TRIM(_xlpm.x), _xlpm.descCode, _xlfn.XLOOKUP(_xlpm.item,'Diagnostics Code'!$C$2:$C$500,'Diagnostics Code'!$B$2:$B$500,""), _xlpm.itadCode, IFERROR( INDEX('Diagnostics Code'!$B$2:$B$500, MATCH(TRUE, _xlfn.BYROW('Diagnostics Code'!$D$2:$D$500, _xlfn.LAMBDA(_xlpm.r,ISNUMBER(MATCH(_xlpm.item,TRIM(_xlfn.TEXTSPLIT(_xlpm.r,",")),0))) ), 0) ), ""), IF(_xlpm.descCode<>"",_xlpm.descCode,_xlpm.itadCode) ) )) ))} | R642: =_xlfn.XLOOKUP('Audit Report'!D642,Data!A:A,Data!C:C) -> #N/A | S642: ='[1]Audit Report'!N642
D643: ='Audit Report'!A643&"" -> ITD-SHR11556-W4642 | E643: ='[1]Audit Report'!C643 | G643: ='Audit Report'!C643&"" | I643: =_xlfn.XLOOKUP('Audit Report'!D643,Data!A:A,Data!B:B,'Audit Report'!D643)&"" | J643: ='Audit Report'!F643&"" | L643: =_xlfn.TEXTJOIN(", ", FALSE, 'Audit Report'!I643,'Audit Report'!J643,'Audit Report'!K643) -> , , | M643: ='[1]Audit Report'!M643 | N643: {=IF(M643="","", _xlfn.TEXTJOIN(", ",TRUE, _xlfn.MAP(_xlfn.TEXTSPLIT(M643,","),_xlfn.LAMBDA(_xlpm.x, _xlfn.LET( _xlpm.item,TRIM(_xlpm.x), _xlpm.descCode, _xlfn.XLOOKUP(_xlpm.item,'Diagnostics Code'!$C$2:$C$500,'Diagnostics Code'!$B$2:$B$500,""), _xlpm.itadCode, IFERROR( INDEX('Diagnostics Code'!$B$2:$B$500, MATCH(TRUE, _xlfn.BYROW('Diagnostics Code'!$D$2:$D$500, _xlfn.LAMBDA(_xlpm.r,ISNUMBER(MATCH(_xlpm.item,TRIM(_xlfn.TEXTSPLIT(_xlpm.r,",")),0))) ), 0) ), ""), IF(_xlpm.descCode<>"",_xlpm.descCode,_xlpm.itadCode) ) )) ))} | R643: =_xlfn.XLOOKUP('Audit Report'!D643,Data!A:A,Data!C:C) -> #N/A | S643: ='[1]Audit Report'!N643
D644: ='Audit Report'!A644&"" -> ITD-SHR11556-W4643 | E644: ='[1]Audit Report'!C644 | G644: ='Audit Report'!C644&"" | I644: =_xlfn.XLOOKUP('Audit Report'!D644,Data!A:A,Data!B:B,'Audit Report'!D644)&"" | J644: ='Audit Report'!F644&"" | L644: =_xlfn.TEXTJOIN(", ", FALSE, 'Audit Report'!I644,'Audit Report'!J644,'Audit Report'!K644) -> , , | M644: ='[1]Audit Report'!M644 | N644: {=IF(M644="","", _xlfn.TEXTJOIN(", ",TRUE, _xlfn.MAP(_xlfn.TEXTSPLIT(M644,","),_xlfn.LAMBDA(_xlpm.x, _xlfn.LET( _xlpm.item,TRIM(_xlpm.x), _xlpm.descCode, _xlfn.XLOOKUP(_xlpm.item,'Diagnostics Code'!$C$2:$C$500,'Diagnostics Code'!$B$2:$B$500,""), _xlpm.itadCode, IFERROR( INDEX('Diagnostics Code'!$B$2:$B$500, MATCH(TRUE, _xlfn.BYROW('Diagnostics Code'!$D$2:$D$500, _xlfn.LAMBDA(_xlpm.r,ISNUMBER(MATCH(_xlpm.item,TRIM(_xlfn.TEXTSPLIT(_xlpm.r,",")),0))) ), 0) ), ""), IF(_xlpm.descCode<>"",_xlpm.descCode,_xlpm.itadCode) ) )) ))} | R644: =_xlfn.XLOOKUP('Audit Report'!D644,Data!A:A,Data!C:C) -> #N/A | S644: ='[1]Audit Report'!N644
D645: ='Audit Report'!A645&"" -> ITD-SHR11556-W4644 | E645: ='[1]Audit Report'!C645 | G645: ='Audit Report'!C645&"" | I645: =_xlfn.XLOOKUP('Audit Report'!D645,Data!A:A,Data!B:B,'Audit Report'!D645)&"" | J645: ='Audit Report'!F645&"" | L645: =_xlfn.TEXTJOIN(", ", FALSE, 'Audit Report'!I645,'Audit Report'!J645,'Audit Report'!K645) -> , , | M645: ='[1]Audit Report'!M645 | N645: {=IF(M645="","", _xlfn.TEXTJOIN(", ",TRUE, _xlfn.MAP(_xlfn.TEXTSPLIT(M645,","),_xlfn.LAMBDA(_xlpm.x, _xlfn.LET( _xlpm.item,TRIM(_xlpm.x), _xlpm.descCode, _xlfn.XLOOKUP(_xlpm.item,'Diagnostics Code'!$C$2:$C$500,'Diagnostics Code'!$B$2:$B$500,""), _xlpm.itadCode, IFERROR( INDEX('Diagnostics Code'!$B$2:$B$500, MATCH(TRUE, _xlfn.BYROW('Diagnostics Code'!$D$2:$D$500, _xlfn.LAMBDA(_xlpm.r,ISNUMBER(MATCH(_xlpm.item,TRIM(_xlfn.TEXTSPLIT(_xlpm.r,",")),0))) ), 0) ), ""), IF(_xlpm.descCode<>"",_xlpm.descCode,_xlpm.itadCode) ) )) ))} | R645: =_xlfn.XLOOKUP('Audit Report'!D645,Data!A:A,Data!C:C) -> #N/A | S645: ='[1]Audit Report'!N645
D646: ='Audit Report'!A646&"" -> ITD-SHR11556-W4645 | E646: ='[1]Audit Report'!C646 | G646: ='Audit Report'!C646&"" | I646: =_xlfn.XLOOKUP('Audit Report'!D646,Data!A:A,Data!B:B,'Audit Report'!D646)&"" | J646: ='Audit Report'!F646&"" | L646: =_xlfn.TEXTJOIN(", ", FALSE, 'Audit Report'!I646,'Audit Report'!J646,'Audit Report'!K646) -> , , | M646: ='[1]Audit Report'!M646 | N646: {=IF(M646="","", _xlfn.TEXTJOIN(", ",TRUE, _xlfn.MAP(_xlfn.TEXTSPLIT(M646,","),_xlfn.LAMBDA(_xlpm.x, _xlfn.LET( _xlpm.item,TRIM(_xlpm.x), _xlpm.descCode, _xlfn.XLOOKUP(_xlpm.item,'Diagnostics Code'!$C$2:$C$500,'Diagnostics Code'!$B$2:$B$500,""), _xlpm.itadCode, IFERROR( INDEX('Diagnostics Code'!$B$2:$B$500, MATCH(TRUE, _xlfn.BYROW('Diagnostics Code'!$D$2:$D$500, _xlfn.LAMBDA(_xlpm.r,ISNUMBER(MATCH(_xlpm.item,TRIM(_xlfn.TEXTSPLIT(_xlpm.r,",")),0))) ), 0) ), ""), IF(_xlpm.descCode<>"",_xlpm.descCode,_xlpm.itadCode) ) )) ))} | R646: =_xlfn.XLOOKUP('Audit Report'!D646,Data!A:A,Data!C:C) -> #N/A | S646: ='[1]Audit Report'!N646
D647: ='Audit Report'!A647&"" -> ITD-SHR11556-W4646 | E647: ='[1]Audit Report'!C647 | G647: ='Audit Report'!C647&"" | I647: =_xlfn.XLOOKUP('Audit Report'!D647,Data!A:A,Data!B:B,'Audit Report'!D647)&"" | J647: ='Audit Report'!F647&"" | L647: =_xlfn.TEXTJOIN(", ", FALSE, 'Audit Report'!I647,'Audit Report'!J647,'Audit Report'!K647) -> , , | M647: ='[1]Audit Report'!M647 | N647: {=IF(M647="","", _xlfn.TEXTJOIN(", ",TRUE, _xlfn.MAP(_xlfn.TEXTSPLIT(M647,","),_xlfn.LAMBDA(_xlpm.x, _xlfn.LET( _xlpm.item,TRIM(_xlpm.x), _xlpm.descCode, _xlfn.XLOOKUP(_xlpm.item,'Diagnostics Code'!$C$2:$C$500,'Diagnostics Code'!$B$2:$B$500,""), _xlpm.itadCode, IFERROR( INDEX('Diagnostics Code'!$B$2:$B$500, MATCH(TRUE, _xlfn.BYROW('Diagnostics Code'!$D$2:$D$500, _xlfn.LAMBDA(_xlpm.r,ISNUMBER(MATCH(_xlpm.item,TRIM(_xlfn.TEXTSPLIT(_xlpm.r,",")),0))) ), 0) ), ""), IF(_xlpm.descCode<>"",_xlpm.descCode,_xlpm.itadCode) ) )) ))} | R647: =_xlfn.XLOOKUP('Audit Report'!D647,Data!A:A,Data!C:C) -> #N/A | S647: ='[1]Audit Report'!N647
D648: ='Audit Report'!A648&"" -> ITD-SHR11556-W4647 | E648: ='[1]Audit Report'!C648 | G648: ='Audit Report'!C648&"" | I648: =_xlfn.XLOOKUP('Audit Report'!D648,Data!A:A,Data!B:B,'Audit Report'!D648)&"" | J648: ='Audit Report'!F648&"" | L648: =_xlfn.TEXTJOIN(", ", FALSE, 'Audit Report'!I648,'Audit Report'!J648,'Audit Report'!K648) -> , , | M648: ='[1]Audit Report'!M648 | N648: {=IF(M648="","", _xlfn.TEXTJOIN(", ",TRUE, _xlfn.MAP(_xlfn.TEXTSPLIT(M648,","),_xlfn.LAMBDA(_xlpm.x, _xlfn.LET( _xlpm.item,TRIM(_xlpm.x), _xlpm.descCode, _xlfn.XLOOKUP(_xlpm.item,'Diagnostics Code'!$C$2:$C$500,'Diagnostics Code'!$B$2:$B$500,""), _xlpm.itadCode, IFERROR( INDEX('Diagnostics Code'!$B$2:$B$500, MATCH(TRUE, _xlfn.BYROW('Diagnostics Code'!$D$2:$D$500, _xlfn.LAMBDA(_xlpm.r,ISNUMBER(MATCH(_xlpm.item,TRIM(_xlfn.TEXTSPLIT(_xlpm.r,",")),0))) ), 0) ), ""), IF(_xlpm.descCode<>"",_xlpm.descCode,_xlpm.itadCode) ) )) ))} | R648: =_xlfn.XLOOKUP('Audit Report'!D648,Data!A:A,Data!C:C) -> #N/A | S648: ='[1]Audit Report'!N648
D649: ='Audit Report'!A649&"" -> ITD-SHR11556-W4648 | E649: ='[1]Audit Report'!C649 | G649: ='Audit Report'!C649&"" | I649: =_xlfn.XLOOKUP('Audit Report'!D649,Data!A:A,Data!B:B,'Audit Report'!D649)&"" | J649: ='Audit Report'!F649&"" | L649: =_xlfn.TEXTJOIN(", ", FALSE, 'Audit Report'!I649,'Audit Report'!J649,'Audit Report'!K649) -> , , | M649: ='[1]Audit Report'!M649 | N649: {=IF(M649="","", _xlfn.TEXTJOIN(", ",TRUE, _xlfn.MAP(_xlfn.TEXTSPLIT(M649,","),_xlfn.LAMBDA(_xlpm.x, _xlfn.LET( _xlpm.item,TRIM(_xlpm.x), _xlpm.descCode, _xlfn.XLOOKUP(_xlpm.item,'Diagnostics Code'!$C$2:$C$500,'Diagnostics Code'!$B$2:$B$500,""), _xlpm.itadCode, IFERROR( INDEX('Diagnostics Code'!$B$2:$B$500, MATCH(TRUE, _xlfn.BYROW('Diagnostics Code'!$D$2:$D$500, _xlfn.LAMBDA(_xlpm.r,ISNUMBER(MATCH(_xlpm.item,TRIM(_xlfn.TEXTSPLIT(_xlpm.r,",")),0))) ), 0) ), ""), IF(_xlpm.descCode<>"",_xlpm.descCode,_xlpm.itadCode) ) )) ))} | R649: =_xlfn.XLOOKUP('Audit Report'!D649,Data!A:A,Data!C:C) -> #N/A | S649: ='[1]Audit Report'!N649
D650: ='Audit Report'!A650&"" -> ITD-SHR11556-W4649 | E650: ='[1]Audit Report'!C650 | G650: ='Audit Report'!C650&"" | I650: =_xlfn.XLOOKUP('Audit Report'!D650,Data!A:A,Data!B:B,'Audit Report'!D650)&"" | J650: ='Audit Report'!F650&"" | L650: =_xlfn.TEXTJOIN(", ", FALSE, 'Audit Report'!I650,'Audit Report'!J650,'Audit Report'!K650) -> , , | M650: ='[1]Audit Report'!M650 | N650: {=IF(M650="","", _xlfn.TEXTJOIN(", ",TRUE, _xlfn.MAP(_xlfn.TEXTSPLIT(M650,","),_xlfn.LAMBDA(_xlpm.x, _xlfn.LET( _xlpm.item,TRIM(_xlpm.x), _xlpm.descCode, _xlfn.XLOOKUP(_xlpm.item,'Diagnostics Code'!$C$2:$C$500,'Diagnostics Code'!$B$2:$B$500,""), _xlpm.itadCode, IFERROR( INDEX('Diagnostics Code'!$B$2:$B$500, MATCH(TRUE, _xlfn.BYROW('Diagnostics Code'!$D$2:$D$500, _xlfn.LAMBDA(_xlpm.r,ISNUMBER(MATCH(_xlpm.item,TRIM(_xlfn.TEXTSPLIT(_xlpm.r,",")),0))) ), 0) ), ""), IF(_xlpm.descCode<>"",_xlpm.descCode,_xlpm.itadCode) ) )) ))} | R650: =_xlfn.XLOOKUP('Audit Report'!D650,Data!A:A,Data!C:C) -> #N/A | S650: ='[1]Audit Report'!N650
D651: ='Audit Report'!A651&"" | E651: ='[1]Audit Report'!C651 | G651: ='Audit Report'!C651&"" | I651: =_xlfn.XLOOKUP('Audit Report'!D651,Data!A:A,Data!B:B,'Audit Report'!D651)&"" | J651: ='Audit Report'!F651&"" | L651: =_xlfn.TEXTJOIN(", ", FALSE, 'Audit Report'!I651,'Audit Report'!J651,'Audit Report'!K651) -> , , | M651: ='[1]Audit Report'!M651 | N651: {=IF(M651="","", _xlfn.TEXTJOIN(", ",TRUE, _xlfn.MAP(_xlfn.TEXTSPLIT(M651,","),_xlfn.LAMBDA(_xlpm.x, _xlfn.LET( _xlpm.item,TRIM(_xlpm.x), _xlpm.descCode, _xlfn.XLOOKUP(_xlpm.item,'Diagnostics Code'!$C$2:$C$500,'Diagnostics Code'!$B$2:$B$500,""), _xlpm.itadCode, IFERROR( INDEX('Diagnostics Code'!$B$2:$B$500, MATCH(TRUE, _xlfn.BYROW('Diagnostics Code'!$D$2:$D$500, _xlfn.LAMBDA(_xlpm.r,ISNUMBER(MATCH(_xlpm.item,TRIM(_xlfn.TEXTSPLIT(_xlpm.r,",")),0))) ), 0) ), ""), IF(_xlpm.descCode<>"",_xlpm.descCode,_xlpm.itadCode) ) )) ))} | R651: =_xlfn.XLOOKUP('Audit Report'!D651,Data!A:A,Data!C:C) -> 0 | S651: ='[1]Audit Report'!N651
D652: ='Audit Report'!A652&"" | E652: ='[1]Audit Report'!C652 | G652: ='Audit Report'!C652&"" | I652: =_xlfn.XLOOKUP('Audit Report'!D652,Data!A:A,Data!B:B,'Audit Report'!D652)&"" | J652: ='Audit Report'!F652&"" | L652: =_xlfn.TEXTJOIN(", ", FALSE, 'Audit Report'!I652,'Audit Report'!J652,'Audit Report'!K652) -> , , | M652: ='[1]Audit Report'!M652 | N652: {=IF(M652="","", _xlfn.TEXTJOIN(", ",TRUE, _xlfn.MAP(_xlfn.TEXTSPLIT(M652,","),_xlfn.LAMBDA(_xlpm.x, _xlfn.LET( _xlpm.item,TRIM(_xlpm.x), _xlpm.descCode, _xlfn.XLOOKUP(_xlpm.item,'Diagnostics Code'!$C$2:$C$500,'Diagnostics Code'!$B$2:$B$500,""), _xlpm.itadCode, IFERROR( INDEX('Diagnostics Code'!$B$2:$B$500, MATCH(TRUE, _xlfn.BYROW('Diagnostics Code'!$D$2:$D$500, _xlfn.LAMBDA(_xlpm.r,ISNUMBER(MATCH(_xlpm.item,TRIM(_xlfn.TEXTSPLIT(_xlpm.r,",")),0))) ), 0) ), ""), IF(_xlpm.descCode<>"",_xlpm.descCode,_xlpm.itadCode) ) )) ))} | R652: =_xlfn.XLOOKUP('Audit Report'!D652,Data!A:A,Data!C:C) -> 0 | S652: ='[1]Audit Report'!N652
... D787: ='Audit Report'!A787&"" | E787: ='[1]Audit Report'!C787 -> 0 | G787: ='Audit Report'!C787&"" | I787: =_xlfn.XLOOKUP('Audit Report'!D787,Data!A:A,Data!B:B,'Audit Report'!D787)&"" | J787: ='Audit Report'!F787&"" | L787: =_xlfn.TEXTJOIN(", ", FALSE, 'Audit Report'!I787,'Audit Report'!J787,'Audit Report'!K787) -> , , | M787: ='[1]Audit Report'!M787 -> 0 | N787: {=IF(M787="","", _xlfn.TEXTJOIN(", ",TRUE, _xlfn.MAP(_xlfn.TEXTSPLIT(M787,","),_xlfn.LAMBDA(_xlpm.x, _xlfn.LET( _xlpm.item,TRIM(_xlpm.x), _xlpm.descCode, _xlfn.XLOOKUP(_xlpm.item,'Diagnostics Code'!$C$2:$C$500,'Diagnostics Code'!$B$2:$B$500,""), _xlpm.itadCode, IFERROR( INDEX('Diagnostics Code'!$B$2:$B$500, MATCH(TRUE, _xlfn.BYROW('Diagnostics Code'!$D$2:$D$500, _xlfn.LAMBDA(_xlpm.r,ISNUMBER(MATCH(_xlpm.item,TRIM(_xlfn.TEXTSPLIT(_xlpm.r,",")),0))) ), 0) ), ""), IF(_xlpm.descCode<>"",_xlpm.descCode,_xlpm.itadCode) ) )) ))} | R787: =_xlfn.XLOOKUP('Audit Report'!D787,Data!A:A,Data!C:C) -> 0 | S787: ='[1]Audit Report'!N787 -> 0
D788: ='Audit Report'!A788&"" | E788: ='[1]Audit Report'!C788 -> 0 | G788: ='Audit Report'!C788&"" | I788: ='[1]Audit Report'!E788 | J788: ='Audit Report'!F788&"" | L788: =_xlfn.TEXTJOIN(", ", FALSE, 'Audit Report'!I788,'Audit Report'!J788,'Audit Report'!K788) -> , , | M788: ='[1]Audit Report'!M788 -> 0 | N788: {=IF(M788="","", _xlfn.TEXTJOIN(", ",TRUE, _xlfn.MAP(_xlfn.TEXTSPLIT(M788,","),_xlfn.LAMBDA(_xlpm.x, _xlfn.LET( _xlpm.item,TRIM(_xlpm.x), _xlpm.descCode, _xlfn.XLOOKUP(_xlpm.item,'Diagnostics Code'!$C$2:$C$500,'Diagnostics Code'!$B$2:$B$500,""), _xlpm.itadCode, IFERROR( INDEX('Diagnostics Code'!$B$2:$B$500, MATCH(TRUE, _xlfn.BYROW('Diagnostics Code'!$D$2:$D$500, _xlfn.LAMBDA(_xlpm.r,ISNUMBER(MATCH(_xlpm.item,TRIM(_xlfn.TEXTSPLIT(_xlpm.r,",")),0))) ), 0) ), ""), IF(_xlpm.descCode<>"",_xlpm.descCode,_xlpm.itadCode) ) )) ))} | R788: =_xlfn.XLOOKUP('Audit Report'!D788,Data!A:A,Data!C:C) -> 0 | S788: ='[1]Audit Report'!N788 -> 0
D789: ='Audit Report'!A789&"" | E789: ='[1]Audit Report'!C789 -> 0 | G789: ='Audit Report'!C789&"" | I789: ='[1]Audit Report'!E789 | J789: ='Audit Report'!F789&"" | L789: =_xlfn.TEXTJOIN(", ", FALSE, 'Audit Report'!I789,'Audit Report'!J789,'Audit Report'!K789) -> , , | M789: ='[1]Audit Report'!M789 -> 0 | N789: {=IF(M789="","", _xlfn.TEXTJOIN(", ",TRUE, _xlfn.MAP(_xlfn.TEXTSPLIT(M789,","),_xlfn.LAMBDA(_xlpm.x, _xlfn.LET( _xlpm.item,TRIM(_xlpm.x), _xlpm.descCode, _xlfn.XLOOKUP(_xlpm.item,'Diagnostics Code'!$C$2:$C$500,'Diagnostics Code'!$B$2:$B$500,""), _xlpm.itadCode, IFERROR( INDEX('Diagnostics Code'!$B$2:$B$500, MATCH(TRUE, _xlfn.BYROW('Diagnostics Code'!$D$2:$D$500, _xlfn.LAMBDA(_xlpm.r,ISNUMBER(MATCH(_xlpm.item,TRIM(_xlfn.TEXTSPLIT(_xlpm.r,",")),0))) ), 0) ), ""), IF(_xlpm.descCode<>"",_xlpm.descCode,_xlpm.itadCode) ) )) ))} | R789: =_xlfn.XLOOKUP('Audit Report'!D789,Data!A:A,Data!C:C) -> 0 | S789: ='[1]Audit Report'!N789 -> 0
D790: ='Audit Report'!A790&"" | E790: ='[1]Audit Report'!C790 -> 0 | G790: ='Audit Report'!C790&"" | I790: ='[1]Audit Report'!E790 | J790: ='Audit Report'!F790&"" | L790: =_xlfn.TEXTJOIN(", ", FALSE, 'Audit Report'!I790,'Audit Report'!J790,'Audit Report'!K790) -> , , | M790: ='[1]Audit Report'!M790 -> 0 | N790: {=IF(M790="","", _xlfn.TEXTJOIN(", ",TRUE, _xlfn.MAP(_xlfn.TEXTSPLIT(M790,","),_xlfn.LAMBDA(_xlpm.x, _xlfn.LET( _xlpm.item,TRIM(_xlpm.x), _xlpm.descCode, _xlfn.XLOOKUP(_xlpm.item,'Diagnostics Code'!$C$2:$C$500,'Diagnostics Code'!$B$2:$B$500,""), _xlpm.itadCode, IFERROR( INDEX('Diagnostics Code'!$B$2:$B$500, MATCH(TRUE, _xlfn.BYROW('Diagnostics Code'!$D$2:$D$500, _xlfn.LAMBDA(_xlpm.r,ISNUMBER(MATCH(_xlpm.item,TRIM(_xlfn.TEXTSPLIT(_xlpm.r,",")),0))) ), 0) ), ""), IF(_xlpm.descCode<>"",_xlpm.descCode,_xlpm.itadCode) ) )) ))} | R790: =_xlfn.XLOOKUP('Audit Report'!D790,Data!A:A,Data!C:C) -> 0 | S790: ='[1]Audit Report'!N790 -> 0
D791: ='Audit Report'!A791&"" | E791: ='[1]Audit Report'!C791 -> 0 | G791: ='Audit Report'!C791&"" | I791: ='[1]Audit Report'!E791 | J791: ='Audit Report'!F791&"" | L791: =_xlfn.TEXTJOIN(", ", FALSE, 'Audit Report'!I791,'Audit Report'!J791,'Audit Report'!K791) -> , , | M791: ='[1]Audit Report'!M791 -> 0 | N791: {=IF(M791="","", _xlfn.TEXTJOIN(", ",TRUE, _xlfn.MAP(_xlfn.TEXTSPLIT(M791,","),_xlfn.LAMBDA(_xlpm.x, _xlfn.LET( _xlpm.item,TRIM(_xlpm.x), _xlpm.descCode, _xlfn.XLOOKUP(_xlpm.item,'Diagnostics Code'!$C$2:$C$500,'Diagnostics Code'!$B$2:$B$500,""), _xlpm.itadCode, IFERROR( INDEX('Diagnostics Code'!$B$2:$B$500, MATCH(TRUE, _xlfn.BYROW('Diagnostics Code'!$D$2:$D$500, _xlfn.LAMBDA(_xlpm.r,ISNUMBER(MATCH(_xlpm.item,TRIM(_xlfn.TEXTSPLIT(_xlpm.r,",")),0))) ), 0) ), ""), IF(_xlpm.descCode<>"",_xlpm.descCode,_xlpm.itadCode) ) )) ))} | R791: =_xlfn.XLOOKUP('Audit Report'!D791,Data!A:A,Data!C:C) -> 0 | S791: ='[1]Audit Report'!N791 -> 0
D792: ='Audit Report'!A792&"" | E792: ='[1]Audit Report'!C792 -> 0 | G792: ='Audit Report'!C792&"" | I792: ='[1]Audit Report'!E792 | J792: ='Audit Report'!F792&"" | L792: =_xlfn.TEXTJOIN(", ", FALSE, 'Audit Report'!I792,'Audit Report'!J792,'Audit Report'!K792) -> , , | M792: ='[1]Audit Report'!M792 -> 0 | N792: {=IF(M792="","", _xlfn.TEXTJOIN(", ",TRUE, _xlfn.MAP(_xlfn.TEXTSPLIT(M792,","),_xlfn.LAMBDA(_xlpm.x, _xlfn.LET( _xlpm.item,TRIM(_xlpm.x), _xlpm.descCode, _xlfn.XLOOKUP(_xlpm.item,'Diagnostics Code'!$C$2:$C$500,'Diagnostics Code'!$B$2:$B$500,""), _xlpm.itadCode, IFERROR( INDEX('Diagnostics Code'!$B$2:$B$500, MATCH(TRUE, _xlfn.BYROW('Diagnostics Code'!$D$2:$D$500, _xlfn.LAMBDA(_xlpm.r,ISNUMBER(MATCH(_xlpm.item,TRIM(_xlfn.TEXTSPLIT(_xlpm.r,",")),0))) ), 0) ), ""), IF(_xlpm.descCode<>"",_xlpm.descCode,_xlpm.itadCode) ) )) ))} | R792: =_xlfn.XLOOKUP('Audit Report'!D792,Data!A:A,Data!C:C) -> 0 | S792: ='[1]Audit Report'!N792 -> 0
D793: ='Audit Report'!A793&"" | E793: ='[1]Audit Report'!C793 -> 0 | G793: ='Audit Report'!C793&"" | I793: ='[1]Audit Report'!E793 | J793: ='Audit Report'!F793&"" | L793: =_xlfn.TEXTJOIN(", ", FALSE, 'Audit Report'!I793,'Audit Report'!J793,'Audit Report'!K793) -> , , | M793: ='[1]Audit Report'!M793 -> 0 | N793: {=IF(M793="","", _xlfn.TEXTJOIN(", ",TRUE, _xlfn.MAP(_xlfn.TEXTSPLIT(M793,","),_xlfn.LAMBDA(_xlpm.x, _xlfn.LET( _xlpm.item,TRIM(_xlpm.x), _xlpm.descCode, _xlfn.XLOOKUP(_xlpm.item,'Diagnostics Code'!$C$2:$C$500,'Diagnostics Code'!$B$2:$B$500,""), _xlpm.itadCode, IFERROR( INDEX('Diagnostics Code'!$B$2:$B$500, MATCH(TRUE, _xlfn.BYROW('Diagnostics Code'!$D$2:$D$500, _xlfn.LAMBDA(_xlpm.r,ISNUMBER(MATCH(_xlpm.item,TRIM(_xlfn.TEXTSPLIT(_xlpm.r,",")),0))) ), 0) ), ""), IF(_xlpm.descCode<>"",_xlpm.descCode,_xlpm.itadCode) ) )) ))} | R793: =_xlfn.XLOOKUP('Audit Report'!D793,Data!A:A,Data!C:C) -> 0 | S793: ='[1]Audit Report'!N793 -> 0
D794: ='Audit Report'!A794&"" | E794: ='[1]Audit Report'!C794 -> 0 | G794: ='Audit Report'!C794&"" | I794: ='[1]Audit Report'!E794 | J794: ='Audit Report'!F794&"" | L794: =_xlfn.TEXTJOIN(", ", FALSE, 'Audit Report'!I794,'Audit Report'!J794,'Audit Report'!K794) -> , , | M794: ='[1]Audit Report'!M794 -> 0 | N794: {=IF(M794="","", _xlfn.TEXTJOIN(", ",TRUE, _xlfn.MAP(_xlfn.TEXTSPLIT(M794,","),_xlfn.LAMBDA(_xlpm.x, _xlfn.LET( _xlpm.item,TRIM(_xlpm.x), _xlpm.descCode, _xlfn.XLOOKUP(_xlpm.item,'Diagnostics Code'!$C$2:$C$500,'Diagnostics Code'!$B$2:$B$500,""), _xlpm.itadCode, IFERROR( INDEX('Diagnostics Code'!$B$2:$B$500, MATCH(TRUE, _xlfn.BYROW('Diagnostics Code'!$D$2:$D$500, _xlfn.LAMBDA(_xlpm.r,ISNUMBER(MATCH(_xlpm.item,TRIM(_xlfn.TEXTSPLIT(_xlpm.r,",")),0))) ), 0) ), ""), IF(_xlpm.descCode<>"",_xlpm.descCode,_xlpm.itadCode) ) )) ))} | R794: =_xlfn.XLOOKUP('Audit Report'!D794,Data!A:A,Data!C:C) -> 0 | S794: ='[1]Audit Report'!N794 -> 0
D795: ='Audit Report'!A795&"" | E795: ='[1]Audit Report'!C795 -> 0 | G795: ='Audit Report'!C795&"" | I795: ='[1]Audit Report'!E795 | J795: ='Audit Report'!F795&"" | L795: =_xlfn.TEXTJOIN(", ", FALSE, 'Audit Report'!I795,'Audit Report'!J795,'Audit Report'!K795) -> , , | M795: ='[1]Audit Report'!M795 -> 0 | N795: {=IF(M795="","", _xlfn.TEXTJOIN(", ",TRUE, _xlfn.MAP(_xlfn.TEXTSPLIT(M795,","),_xlfn.LAMBDA(_xlpm.x, _xlfn.LET( _xlpm.item,TRIM(_xlpm.x), _xlpm.descCode, _xlfn.XLOOKUP(_xlpm.item,'Diagnostics Code'!$C$2:$C$500,'Diagnostics Code'!$B$2:$B$500,""), _xlpm.itadCode, IFERROR( INDEX('Diagnostics Code'!$B$2:$B$500, MATCH(TRUE, _xlfn.BYROW('Diagnostics Code'!$D$2:$D$500, _xlfn.LAMBDA(_xlpm.r,ISNUMBER(MATCH(_xlpm.item,TRIM(_xlfn.TEXTSPLIT(_xlpm.r,",")),0))) ), 0) ), ""), IF(_xlpm.descCode<>"",_xlpm.descCode,_xlpm.itadCode) ) )) ))} | R795: =_xlfn.XLOOKUP('Audit Report'!D795,Data!A:A,Data!C:C) -> 0 | S795: ='[1]Audit Report'!N795 -> 0
D796: ='Audit Report'!A796&"" | E796: ='[1]Audit Report'!C796 -> 0 | G796: ='Audit Report'!C796&"" | I796: ='[1]Audit Report'!E796 | J796: ='Audit Report'!F796&"" | L796: =_xlfn.TEXTJOIN(", ", FALSE, 'Audit Report'!I796,'Audit Report'!J796,'Audit Report'!K796) -> , , | M796: ='[1]Audit Report'!M796 -> 0 | N796: {=IF(M796="","", _xlfn.TEXTJOIN(", ",TRUE, _xlfn.MAP(_xlfn.TEXTSPLIT(M796,","),_xlfn.LAMBDA(_xlpm.x, _xlfn.LET( _xlpm.item,TRIM(_xlpm.x), _xlpm.descCode, _xlfn.XLOOKUP(_xlpm.item,'Diagnostics Code'!$C$2:$C$500,'Diagnostics Code'!$B$2:$B$500,""), _xlpm.itadCode, IFERROR( INDEX('Diagnostics Code'!$B$2:$B$500, MATCH(TRUE, _xlfn.BYROW('Diagnostics Code'!$D$2:$D$500, _xlfn.LAMBDA(_xlpm.r,ISNUMBER(MATCH(_xlpm.item,TRIM(_xlfn.TEXTSPLIT(_xlpm.r,",")),0))) ), 0) ), ""), IF(_xlpm.descCode<>"",_xlpm.descCode,_xlpm.itadCode) ) )) ))} | R796: =_xlfn.XLOOKUP('Audit Report'!D796,Data!A:A,Data!C:C) -> 0 | S796: ='[1]Audit Report'!N796 -> 0
D797: ='Audit Report'!A797&"" | E797: ='[1]Audit Report'!C797 -> 0 | G797: ='Audit Report'!C797&"" | I797: ='[1]Audit Report'!E797 | J797: ='Audit Report'!F797&"" | L797: =_xlfn.TEXTJOIN(", ", FALSE, 'Audit Report'!I797,'Audit Report'!J797,'Audit Report'!K797) -> , , | M797: ='[1]Audit Report'!M797 -> 0 | N797: {=IF(M797="","", _xlfn.TEXTJOIN(", ",TRUE, _xlfn.MAP(_xlfn.TEXTSPLIT(M797,","),_xlfn.LAMBDA(_xlpm.x, _xlfn.LET( _xlpm.item,TRIM(_xlpm.x), _xlpm.descCode, _xlfn.XLOOKUP(_xlpm.item,'Diagnostics Code'!$C$2:$C$500,'Diagnostics Code'!$B$2:$B$500,""), _xlpm.itadCode, IFERROR( INDEX('Diagnostics Code'!$B$2:$B$500, MATCH(TRUE, _xlfn.BYROW('Diagnostics Code'!$D$2:$D$500, _xlfn.LAMBDA(_xlpm.r,ISNUMBER(MATCH(_xlpm.item,TRIM(_xlfn.TEXTSPLIT(_xlpm.r,",")),0))) ), 0) ), ""), IF(_xlpm.descCode<>"",_xlpm.descCode,_xlpm.itadCode) ) )) ))} | R797: =_xlfn.XLOOKUP('Audit Report'!D797,Data!A:A,Data!C:C) -> 0 | S797: ='[1]Audit Report'!N797 -> 0
D798: ='Audit Report'!A798&"" | E798: ='[1]Audit Report'!C798 -> 0 | G798: ='Audit Report'!C798&"" | I798: ='[1]Audit Report'!E798 | J798: ='Audit Report'!F798&"" | L798: =_xlfn.TEXTJOIN(", ", FALSE, 'Audit Report'!I798,'Audit Report'!J798,'Audit Report'!K798) -> , , | M798: ='[1]Audit Report'!M798 -> 0 | N798: {=IF(M798="","", _xlfn.TEXTJOIN(", ",TRUE, _xlfn.MAP(_xlfn.TEXTSPLIT(M798,","),_xlfn.LAMBDA(_xlpm.x, _xlfn.LET( _xlpm.item,TRIM(_xlpm.x), _xlpm.descCode, _xlfn.XLOOKUP(_xlpm.item,'Diagnostics Code'!$C$2:$C$500,'Diagnostics Code'!$B$2:$B$500,""), _xlpm.itadCode, IFERROR( INDEX('Diagnostics Code'!$B$2:$B$500, MATCH(TRUE, _xlfn.BYROW('Diagnostics Code'!$D$2:$D$500, _xlfn.LAMBDA(_xlpm.r,ISNUMBER(MATCH(_xlpm.item,TRIM(_xlfn.TEXTSPLIT(_xlpm.r,",")),0))) ), 0) ), ""), IF(_xlpm.descCode<>"",_xlpm.descCode,_xlpm.itadCode) ) )) ))} | R798: =_xlfn.XLOOKUP('Audit Report'!D798,Data!A:A,Data!C:C) -> 0 | S798: ='[1]Audit Report'!N798 -> 0
D799: ='Audit Report'!A799&"" | E799: ='[1]Audit Report'!C799 -> 0 | G799: ='Audit Report'!C799&"" | I799: ='[1]Audit Report'!E799 | J799: ='Audit Report'!F799&"" | L799: =_xlfn.TEXTJOIN(", ", FALSE, 'Audit Report'!I799,'Audit Report'!J799,'Audit Report'!K799) -> , , | M799: ='[1]Audit Report'!M799 -> 0 | N799: {=IF(M799="","", _xlfn.TEXTJOIN(", ",TRUE, _xlfn.MAP(_xlfn.TEXTSPLIT(M799,","),_xlfn.LAMBDA(_xlpm.x, _xlfn.LET( _xlpm.item,TRIM(_xlpm.x), _xlpm.descCode, _xlfn.XLOOKUP(_xlpm.item,'Diagnostics Code'!$C$2:$C$500,'Diagnostics Code'!$B$2:$B$500,""), _xlpm.itadCode, IFERROR( INDEX('Diagnostics Code'!$B$2:$B$500, MATCH(TRUE, _xlfn.BYROW('Diagnostics Code'!$D$2:$D$500, _xlfn.LAMBDA(_xlpm.r,ISNUMBER(MATCH(_xlpm.item,TRIM(_xlfn.TEXTSPLIT(_xlpm.r,",")),0))) ), 0) ), ""), IF(_xlpm.descCode<>"",_xlpm.descCode,_xlpm.itadCode) ) )) ))} | R799: =_xlfn.XLOOKUP('Audit Report'!D799,Data!A:A,Data!C:C) -> 0 | S799: ='[1]Audit Report'!N799 -> 0
... D890: ='Audit Report'!A890&"" | E890: ='[1]Audit Report'!C890 -> 0 | G890: ='Audit Report'!C890&"" | I890: ='[1]Audit Report'!E890 -> 0 | J890: ='Audit Report'!F890&"" | L890: =_xlfn.TEXTJOIN(", ", FALSE, 'Audit Report'!I890,'Audit Report'!J890,'Audit Report'!K890) -> , , | M890: ='[1]Audit Report'!M890 -> 0 | N890: {=IF(M890="","", _xlfn.TEXTJOIN(", ",TRUE, _xlfn.MAP(_xlfn.TEXTSPLIT(M890,","),_xlfn.LAMBDA(_xlpm.x, _xlfn.LET( _xlpm.item,TRIM(_xlpm.x), _xlpm.descCode, _xlfn.XLOOKUP(_xlpm.item,'Diagnostics Code'!$C$2:$C$500,'Diagnostics Code'!$B$2:$B$500,""), _xlpm.itadCode, IFERROR( INDEX('Diagnostics Code'!$B$2:$B$500, MATCH(TRUE, _xlfn.BYROW('Diagnostics Code'!$D$2:$D$500, _xlfn.LAMBDA(_xlpm.r,ISNUMBER(MATCH(_xlpm.item,TRIM(_xlfn.TEXTSPLIT(_xlpm.r,",")),0))) ), 0) ), ""), IF(_xlpm.descCode<>"",_xlpm.descCode,_xlpm.itadCode) ) )) ))} | R890: =_xlfn.XLOOKUP('Audit Report'!D890,Data!A:A,Data!C:C) -> 0 | S890: ='[1]Audit Report'!N890 -> 0
D891: ='Audit Report'!A891&"" | E891: ='[1]Audit Report'!C891 -> 0 | G891: ='Audit Report'!C891&"" | I891: ='[1]Audit Report'!E891 -> 0 | J891: ='[1]Audit Report'!G891 -> 0 | L891: =_xlfn.TEXTJOIN(", ", FALSE, 'Audit Report'!I891,'Audit Report'!J891,'Audit Report'!K891) -> , , | M891: ='[1]Audit Report'!M891 -> 0 | N891: {=IF(M891="","", _xlfn.TEXTJOIN(", ",TRUE, _xlfn.MAP(_xlfn.TEXTSPLIT(M891,","),_xlfn.LAMBDA(_xlpm.x, _xlfn.LET( _xlpm.item,TRIM(_xlpm.x), _xlpm.descCode, _xlfn.XLOOKUP(_xlpm.item,'Diagnostics Code'!$C$2:$C$500,'Diagnostics Code'!$B$2:$B$500,""), _xlpm.itadCode, IFERROR( INDEX('Diagnostics Code'!$B$2:$B$500, MATCH(TRUE, _xlfn.BYROW('Diagnostics Code'!$D$2:$D$500, _xlfn.LAMBDA(_xlpm.r,ISNUMBER(MATCH(_xlpm.item,TRIM(_xlfn.TEXTSPLIT(_xlpm.r,",")),0))) ), 0) ), ""), IF(_xlpm.descCode<>"",_xlpm.descCode,_xlpm.itadCode) ) )) ))} | R891: =_xlfn.XLOOKUP('Audit Report'!D891,Data!A:A,Data!C:C) -> 0 | S891: ='[1]Audit Report'!N891 -> 0
D892: ='Audit Report'!A892&"" | E892: ='[1]Audit Report'!C892 -> 0 | G892: ='Audit Report'!C892&"" | I892: ='[1]Audit Report'!E892 -> 0 | J892: ='[1]Audit Report'!G892 -> 0 | L892: =_xlfn.TEXTJOIN(", ", FALSE, 'Audit Report'!I892,'Audit Report'!J892,'Audit Report'!K892) -> , , | M892: ='[1]Audit Report'!M892 -> 0 | N892: {=IF(M892="","", _xlfn.TEXTJOIN(", ",TRUE, _xlfn.MAP(_xlfn.TEXTSPLIT(M892,","),_xlfn.LAMBDA(_xlpm.x, _xlfn.LET( _xlpm.item,TRIM(_xlpm.x), _xlpm.descCode, _xlfn.XLOOKUP(_xlpm.item,'Diagnostics Code'!$C$2:$C$500,'Diagnostics Code'!$B$2:$B$500,""), _xlpm.itadCode, IFERROR( INDEX('Diagnostics Code'!$B$2:$B$500, MATCH(TRUE, _xlfn.BYROW('Diagnostics Code'!$D$2:$D$500, _xlfn.LAMBDA(_xlpm.r,ISNUMBER(MATCH(_xlpm.item,TRIM(_xlfn.TEXTSPLIT(_xlpm.r,",")),0))) ), 0) ), ""), IF(_xlpm.descCode<>"",_xlpm.descCode,_xlpm.itadCode) ) )) ))} | R892: =_xlfn.XLOOKUP('Audit Report'!D892,Data!A:A,Data!C:C) -> 0 | S892: ='[1]Audit Report'!N892 -> 0
D893: ='Audit Report'!A893&"" | E893: ='[1]Audit Report'!C893 -> 0 | G893: ='Audit Report'!C893&"" | I893: ='[1]Audit Report'!E893 -> 0 | J893: ='[1]Audit Report'!G893 -> 0 | L893: =_xlfn.TEXTJOIN(", ", FALSE, 'Audit Report'!I893,'Audit Report'!J893,'Audit Report'!K893) -> , , | M893: ='[1]Audit Report'!M893 -> 0 | N893: {=IF(M893="","", _xlfn.TEXTJOIN(", ",TRUE, _xlfn.MAP(_xlfn.TEXTSPLIT(M893,","),_xlfn.LAMBDA(_xlpm.x, _xlfn.LET( _xlpm.item,TRIM(_xlpm.x), _xlpm.descCode, _xlfn.XLOOKUP(_xlpm.item,'Diagnostics Code'!$C$2:$C$500,'Diagnostics Code'!$B$2:$B$500,""), _xlpm.itadCode, IFERROR( INDEX('Diagnostics Code'!$B$2:$B$500, MATCH(TRUE, _xlfn.BYROW('Diagnostics Code'!$D$2:$D$500, _xlfn.LAMBDA(_xlpm.r,ISNUMBER(MATCH(_xlpm.item,TRIM(_xlfn.TEXTSPLIT(_xlpm.r,",")),0))) ), 0) ), ""), IF(_xlpm.descCode<>"",_xlpm.descCode,_xlpm.itadCode) ) )) ))} | R893: =_xlfn.XLOOKUP('Audit Report'!D893,Data!A:A,Data!C:C) -> 0 | S893: ='[1]Audit Report'!N893 -> 0
D894: ='Audit Report'!A894&"" | E894: ='[1]Audit Report'!C894 -> 0 | G894: ='Audit Report'!C894&"" | I894: ='[1]Audit Report'!E894 -> 0 | J894: ='[1]Audit Report'!G894 -> 0 | L894: =_xlfn.TEXTJOIN(", ", FALSE, 'Audit Report'!I894,'Audit Report'!J894,'Audit Report'!K894) -> , , | M894: ='[1]Audit Report'!M894 -> 0 | N894: {=IF(M894="","", _xlfn.TEXTJOIN(", ",TRUE, _xlfn.MAP(_xlfn.TEXTSPLIT(M894,","),_xlfn.LAMBDA(_xlpm.x, _xlfn.LET( _xlpm.item,TRIM(_xlpm.x), _xlpm.descCode, _xlfn.XLOOKUP(_xlpm.item,'Diagnostics Code'!$C$2:$C$500,'Diagnostics Code'!$B$2:$B$500,""), _xlpm.itadCode, IFERROR( INDEX('Diagnostics Code'!$B$2:$B$500, MATCH(TRUE, _xlfn.BYROW('Diagnostics Code'!$D$2:$D$500, _xlfn.LAMBDA(_xlpm.r,ISNUMBER(MATCH(_xlpm.item,TRIM(_xlfn.TEXTSPLIT(_xlpm.r,",")),0))) ), 0) ), ""), IF(_xlpm.descCode<>"",_xlpm.descCode,_xlpm.itadCode) ) )) ))} | R894: =_xlfn.XLOOKUP('Audit Report'!D894,Data!A:A,Data!C:C) -> 0 | S894: ='[1]Audit Report'!N894 -> 0
D895: ='Audit Report'!A895&"" | E895: ='[1]Audit Report'!C895 -> 0 | G895: ='Audit Report'!C895&"" | I895: ='[1]Audit Report'!E895 -> 0 | J895: ='[1]Audit Report'!G895 -> 0 | L895: =_xlfn.TEXTJOIN(", ", FALSE, 'Audit Report'!I895,'Audit Report'!J895,'Audit Report'!K895) -> , , | M895: ='[1]Audit Report'!M895 -> 0 | N895: {=IF(M895="","", _xlfn.TEXTJOIN(", ",TRUE, _xlfn.MAP(_xlfn.TEXTSPLIT(M895,","),_xlfn.LAMBDA(_xlpm.x, _xlfn.LET( _xlpm.item,TRIM(_xlpm.x), _xlpm.descCode, _xlfn.XLOOKUP(_xlpm.item,'Diagnostics Code'!$C$2:$C$500,'Diagnostics Code'!$B$2:$B$500,""), _xlpm.itadCode, IFERROR( INDEX('Diagnostics Code'!$B$2:$B$500, MATCH(TRUE, _xlfn.BYROW('Diagnostics Code'!$D$2:$D$500, _xlfn.LAMBDA(_xlpm.r,ISNUMBER(MATCH(_xlpm.item,TRIM(_xlfn.TEXTSPLIT(_xlpm.r,",")),0))) ), 0) ), ""), IF(_xlpm.descCode<>"",_xlpm.descCode,_xlpm.itadCode) ) )) ))} | R895: =_xlfn.XLOOKUP('Audit Report'!D895,Data!A:A,Data!C:C) -> 0 | S895: ='[1]Audit Report'!N895 -> 0
D896: ='Audit Report'!A896&"" | E896: ='[1]Audit Report'!C896 -> 0 | G896: ='Audit Report'!C896&"" | I896: ='[1]Audit Report'!E896 -> 0 | J896: ='[1]Audit Report'!G896 -> 0 | L896: =_xlfn.TEXTJOIN(", ", FALSE, 'Audit Report'!I896,'Audit Report'!J896,'Audit Report'!K896) -> , , | M896: ='[1]Audit Report'!M896 -> 0 | N896: {=IF(M896="","", _xlfn.TEXTJOIN(", ",TRUE, _xlfn.MAP(_xlfn.TEXTSPLIT(M896,","),_xlfn.LAMBDA(_xlpm.x, _xlfn.LET( _xlpm.item,TRIM(_xlpm.x), _xlpm.descCode, _xlfn.XLOOKUP(_xlpm.item,'Diagnostics Code'!$C$2:$C$500,'Diagnostics Code'!$B$2:$B$500,""), _xlpm.itadCode, IFERROR( INDEX('Diagnostics Code'!$B$2:$B$500, MATCH(TRUE, _xlfn.BYROW('Diagnostics Code'!$D$2:$D$500, _xlfn.LAMBDA(_xlpm.r,ISNUMBER(MATCH(_xlpm.item,TRIM(_xlfn.TEXTSPLIT(_xlpm.r,",")),0))) ), 0) ), ""), IF(_xlpm.descCode<>"",_xlpm.descCode,_xlpm.itadCode) ) )) ))} | R896: =_xlfn.XLOOKUP('Audit Report'!D896,Data!A:A,Data!C:C) -> 0 | S896: ='[1]Audit Report'!N896 -> 0
D897: ='Audit Report'!A897&"" | E897: ='[1]Audit Report'!C897 -> 0 | G897: ='Audit Report'!C897&"" | I897: ='[1]Audit Report'!E897 -> 0 | J897: ='[1]Audit Report'!G897 -> 0 | L897: =_xlfn.TEXTJOIN(", ", FALSE, 'Audit Report'!I897,'Audit Report'!J897,'Audit Report'!K897) -> , , | M897: ='[1]Audit Report'!M897 -> 0 | N897: {=IF(M897="","", _xlfn.TEXTJOIN(", ",TRUE, _xlfn.MAP(_xlfn.TEXTSPLIT(M897,","),_xlfn.LAMBDA(_xlpm.x, _xlfn.LET( _xlpm.item,TRIM(_xlpm.x), _xlpm.descCode, _xlfn.XLOOKUP(_xlpm.item,'Diagnostics Code'!$C$2:$C$500,'Diagnostics Code'!$B$2:$B$500,""), _xlpm.itadCode, IFERROR( INDEX('Diagnostics Code'!$B$2:$B$500, MATCH(TRUE, _xlfn.BYROW('Diagnostics Code'!$D$2:$D$500, _xlfn.LAMBDA(_xlpm.r,ISNUMBER(MATCH(_xlpm.item,TRIM(_xlfn.TEXTSPLIT(_xlpm.r,",")),0))) ), 0) ), ""), IF(_xlpm.descCode<>"",_xlpm.descCode,_xlpm.itadCode) ) )) ))} | R897: =_xlfn.XLOOKUP('Audit Report'!D897,Data!A:A,Data!C:C) -> 0 | S897: ='[1]Audit Report'!N897 -> 0
D898: ='Audit Report'!A898&"" | E898: ='[1]Audit Report'!C898 -> 0 | G898: ='Audit Report'!C898&"" | I898: ='[1]Audit Report'!E898 -> 0 | J898: ='[1]Audit Report'!G898 -> 0 | L898: =_xlfn.TEXTJOIN(", ", FALSE, 'Audit Report'!I898,'Audit Report'!J898,'Audit Report'!K898) -> , , | M898: ='[1]Audit Report'!M898 -> 0 | N898: {=IF(M898="","", _xlfn.TEXTJOIN(", ",TRUE, _xlfn.MAP(_xlfn.TEXTSPLIT(M898,","),_xlfn.LAMBDA(_xlpm.x, _xlfn.LET( _xlpm.item,TRIM(_xlpm.x), _xlpm.descCode, _xlfn.XLOOKUP(_xlpm.item,'Diagnostics Code'!$C$2:$C$500,'Diagnostics Code'!$B$2:$B$500,""), _xlpm.itadCode, IFERROR( INDEX('Diagnostics Code'!$B$2:$B$500, MATCH(TRUE, _xlfn.BYROW('Diagnostics Code'!$D$2:$D$500, _xlfn.LAMBDA(_xlpm.r,ISNUMBER(MATCH(_xlpm.item,TRIM(_xlfn.TEXTSPLIT(_xlpm.r,",")),0))) ), 0) ), ""), IF(_xlpm.descCode<>"",_xlpm.descCode,_xlpm.itadCode) ) )) ))} | R898: =_xlfn.XLOOKUP('Audit Report'!D898,Data!A:A,Data!C:C) -> 0 | S898: ='[1]Audit Report'!N898 -> 0
D899: ='Audit Report'!A899&"" | E899: ='[1]Audit Report'!C899 -> 0 | G899: ='Audit Report'!C899&"" | I899: ='[1]Audit Report'!E899 -> 0 | J899: ='[1]Audit Report'!G899 -> 0 | L899: =_xlfn.TEXTJOIN(", ", FALSE, 'Audit Report'!I899,'Audit Report'!J899,'Audit Report'!K899) -> , , | M899: ='[1]Audit Report'!M899 -> 0 | N899: {=IF(M899="","", _xlfn.TEXTJOIN(", ",TRUE, _xlfn.MAP(_xlfn.TEXTSPLIT(M899,","),_xlfn.LAMBDA(_xlpm.x, _xlfn.LET( _xlpm.item,TRIM(_xlpm.x), _xlpm.descCode, _xlfn.XLOOKUP(_xlpm.item,'Diagnostics Code'!$C$2:$C$500,'Diagnostics Code'!$B$2:$B$500,""), _xlpm.itadCode, IFERROR( INDEX('Diagnostics Code'!$B$2:$B$500, MATCH(TRUE, _xlfn.BYROW('Diagnostics Code'!$D$2:$D$500, _xlfn.LAMBDA(_xlpm.r,ISNUMBER(MATCH(_xlpm.item,TRIM(_xlfn.TEXTSPLIT(_xlpm.r,",")),0))) ), 0) ), ""), IF(_xlpm.descCode<>"",_xlpm.descCode,_xlpm.itadCode) ) )) ))} | R899: =_xlfn.XLOOKUP('Audit Report'!D899,Data!A:A,Data!C:C) -> 0 | S899: ='[1]Audit Report'!N899 -> 0
D900: ='Audit Report'!A900&"" | E900: ='[1]Audit Report'!C900 -> 0 | G900: ='Audit Report'!C900&"" | I900: ='[1]Audit Report'!E900 -> 0 | J900: ='[1]Audit Report'!G900 -> 0 | L900: =_xlfn.TEXTJOIN(", ", FALSE, 'Audit Report'!I900,'Audit Report'!J900,'Audit Report'!K900) -> , , | M900: ='[1]Audit Report'!M900 -> 0 | N900: {=IF(M900="","", _xlfn.TEXTJOIN(", ",TRUE, _xlfn.MAP(_xlfn.TEXTSPLIT(M900,","),_xlfn.LAMBDA(_xlpm.x, _xlfn.LET( _xlpm.item,TRIM(_xlpm.x), _xlpm.descCode, _xlfn.XLOOKUP(_xlpm.item,'Diagnostics Code'!$C$2:$C$500,'Diagnostics Code'!$B$2:$B$500,""), _xlpm.itadCode, IFERROR( INDEX('Diagnostics Code'!$B$2:$B$500, MATCH(TRUE, _xlfn.BYROW('Diagnostics Code'!$D$2:$D$500, _xlfn.LAMBDA(_xlpm.r,ISNUMBER(MATCH(_xlpm.item,TRIM(_xlfn.TEXTSPLIT(_xlpm.r,",")),0))) ), 0) ), ""), IF(_xlpm.descCode<>"",_xlpm.descCode,_xlpm.itadCode) ) )) ))} | R900: =_xlfn.XLOOKUP('Audit Report'!D900,Data!A:A,Data!C:C) -> 0 | S900: ='[1]Audit Report'!N900 -> 0
D901: ='Audit Report'!A901&"" | E901: ='[1]Audit Report'!C901 -> 0 | G901: ='Audit Report'!C901&"" | I901: ='[1]Audit Report'!E901 -> 0 | J901: ='[1]Audit Report'!G901 -> 0 | L901: =_xlfn.TEXTJOIN(", ", FALSE, 'Audit Report'!I901,'Audit Report'!J901,'Audit Report'!K901) -> , , | M901: ='[1]Audit Report'!M901 -> 0 | N901: {=IF(M901="","", _xlfn.TEXTJOIN(", ",TRUE, _xlfn.MAP(_xlfn.TEXTSPLIT(M901,","),_xlfn.LAMBDA(_xlpm.x, _xlfn.LET( _xlpm.item,TRIM(_xlpm.x), _xlpm.descCode, _xlfn.XLOOKUP(_xlpm.item,'Diagnostics Code'!$C$2:$C$500,'Diagnostics Code'!$B$2:$B$500,""), _xlpm.itadCode, IFERROR( INDEX('Diagnostics Code'!$B$2:$B$500, MATCH(TRUE, _xlfn.BYROW('Diagnostics Code'!$D$2:$D$500, _xlfn.LAMBDA(_xlpm.r,ISNUMBER(MATCH(_xlpm.item,TRIM(_xlfn.TEXTSPLIT(_xlpm.r,",")),0))) ), 0) ), ""), IF(_xlpm.descCode<>"",_xlpm.descCode,_xlpm.itadCode) ) )) ))} | R901: =_xlfn.XLOOKUP('Audit Report'!D901,Data!A:A,Data!C:C) -> 0 | S901: ='[1]Audit Report'!N901 -> 0
D902: ='Audit Report'!A902&"" | E902: ='[1]Audit Report'!C902 -> 0 | G902: ='Audit Report'!C902&"" | I902: ='[1]Audit Report'!E902 -> 0 | J902: ='[1]Audit Report'!G902 -> 0 | L902: =_xlfn.TEXTJOIN(", ", FALSE, 'Audit Report'!I902,'Audit Report'!J902,'Audit Report'!K902) -> , , | M902: ='[1]Audit Report'!M902 -> 0 | N902: {=IF(M902="","", _xlfn.TEXTJOIN(", ",TRUE, _xlfn.MAP(_xlfn.TEXTSPLIT(M902,","),_xlfn.LAMBDA(_xlpm.x, _xlfn.LET( _xlpm.item,TRIM(_xlpm.x), _xlpm.descCode, _xlfn.XLOOKUP(_xlpm.item,'Diagnostics Code'!$C$2:$C$500,'Diagnostics Code'!$B$2:$B$500,""), _xlpm.itadCode, IFERROR( INDEX('Diagnostics Code'!$B$2:$B$500, MATCH(TRUE, _xlfn.BYROW('Diagnostics Code'!$D$2:$D$500, _xlfn.LAMBDA(_xlpm.r,ISNUMBER(MATCH(_xlpm.item,TRIM(_xlfn.TEXTSPLIT(_xlpm.r,",")),0))) ), 0) ), ""), IF(_xlpm.descCode<>"",_xlpm.descCode,_xlpm.itadCode) ) )) ))} | R902: =_xlfn.XLOOKUP('Audit Report'!D902,Data!A:A,Data!C:C) -> 0 | S902: ='[1]Audit Report'!N902 -> 0
... D1107: ='Audit Report'!A1107&"" | E1107: ='[1]Audit Report'!C1107 -> 0 | G1107: ='Audit Report'!C1107&"" | I1107: ='[1]Audit Report'!E1107 -> 0 | J1107: ='[1]Audit Report'!G1107 -> 0 | L1107: =_xlfn.TEXTJOIN(", ", FALSE, 'Audit Report'!I1107,'Audit Report'!J1107,'Audit Report'!K1107) -> , , | M1107: ='[1]Audit Report'!M1107 -> 0 | N1107: {=IF(M1107="","", _xlfn.TEXTJOIN(", ",TRUE, _xlfn.MAP(_xlfn.TEXTSPLIT(M1107,","),_xlfn.LAMBDA(_xlpm.x, _xlfn.LET( _xlpm.item,TRIM(_xlpm.x), _xlpm.descCode, _xlfn.XLOOKUP(_xlpm.item,'Diagnostics Code'!$C$2:$C$500,'Diagnostics Code'!$B$2:$B$500,""), _xlpm.itadCode, IFERROR( INDEX('Diagnostics Code'!$B$2:$B$500, MATCH(TRUE, _xlfn.BYROW('Diagnostics Code'!$D$2:$D$500, _xlfn.LAMBDA(_xlpm.r,ISNUMBER(MATCH(_xlpm.item,TRIM(_xlfn.TEXTSPLIT(_xlpm.r,",")),0))) ), 0) ), ""), IF(_xlpm.descCode<>"",_xlpm.descCode,_xlpm.itadCode) ) )) ))} | R1107: =_xlfn.XLOOKUP('Audit Report'!D1107,Data!A:A,Data!C:C) -> 0 | S1107: ='[1]Audit Report'!N1107 -> 0
D1108: ='Audit Report'!A1108&"" | E1108: ='[1]Audit Report'!C1108 -> 0 | G1108: ='Audit Report'!C1108&"" | I1108: ='[1]Audit Report'!E1108 -> 0 | J1108: ='[1]Audit Report'!G1108 -> 0 | L1108: =_xlfn.TEXTJOIN(", ", FALSE, 'Audit Report'!I1108,'Audit Report'!J1108,'Audit Report'!K1108) -> , , | M1108: ='[1]Audit Report'!M1108 -> 0 | N1108: {=IF(M1108="","", _xlfn.TEXTJOIN(", ",TRUE, _xlfn.MAP(_xlfn.TEXTSPLIT(M1108,","),_xlfn.LAMBDA(_xlpm.x, _xlfn.LET( _xlpm.item,TRIM(_xlpm.x), _xlpm.descCode, _xlfn.XLOOKUP(_xlpm.item,#REF!,#REF!,""), _xlpm.itadCode, IFERROR( INDEX(#REF!, MATCH(TRUE, _xlfn.BYROW(#REF!, _xlfn.LAMBDA(_xlpm.r,ISNUMBER(MATCH(_xlpm.item,TRIM(_xlfn.TEXTSPLIT(_xlpm.r,",")),0))) ), 0) ), ""), IF(_xlpm.descCode<>"",_xlpm.descCode,_xlpm.itadCode) ) )) ))} -> #REF! | R1108: =_xlfn.XLOOKUP('Audit Report'!D1108,Data!A:A,Data!C:C) -> 0 | S1108: ='[1]Audit Report'!N1108 -> 0
D1109: ='Audit Report'!A1109&"" | E1109: ='[1]Audit Report'!C1109 -> 0 | G1109: ='Audit Report'!C1109&"" | I1109: ='[1]Audit Report'!E1109 -> 0 | J1109: ='[1]Audit Report'!G1109 -> 0 | L1109: =_xlfn.TEXTJOIN(", ", FALSE, 'Audit Report'!I1109,'Audit Report'!J1109,'Audit Report'!K1109) -> , , | M1109: ='[1]Audit Report'!M1109 -> 0 | N1109: {=IF(M1109="","", _xlfn.TEXTJOIN(", ",TRUE, _xlfn.MAP(_xlfn.TEXTSPLIT(M1109,","),_xlfn.LAMBDA(_xlpm.x, _xlfn.LET( _xlpm.item,TRIM(_xlpm.x), _xlpm.descCode, _xlfn.XLOOKUP(_xlpm.item,#REF!,#REF!,""), _xlpm.itadCode, IFERROR( INDEX(#REF!, MATCH(TRUE, _xlfn.BYROW(#REF!, _xlfn.LAMBDA(_xlpm.r,ISNUMBER(MATCH(_xlpm.item,TRIM(_xlfn.TEXTSPLIT(_xlpm.r,",")),0))) ), 0) ), ""), IF(_xlpm.descCode<>"",_xlpm.descCode,_xlpm.itadCode) ) )) ))} -> #REF! | R1109: =_xlfn.XLOOKUP('Audit Report'!D1109,Data!A:A,Data!C:C) -> 0 | S1109: ='[1]Audit Report'!N1109 -> 0
D1110: ='Audit Report'!A1110&"" | E1110: ='[1]Audit Report'!C1110 -> 0 | G1110: ='Audit Report'!C1110&"" | I1110: ='[1]Audit Report'!E1110 -> 0 | J1110: ='[1]Audit Report'!G1110 -> 0 | L1110: =_xlfn.TEXTJOIN(", ", FALSE, 'Audit Report'!I1110,'Audit Report'!J1110,'Audit Report'!K1110) -> , , | M1110: ='[1]Audit Report'!M1110 -> 0 | N1110: {=IF(M1110="","", _xlfn.TEXTJOIN(", ",TRUE, _xlfn.MAP(_xlfn.TEXTSPLIT(M1110,","),_xlfn.LAMBDA(_xlpm.x, _xlfn.LET( _xlpm.item,TRIM(_xlpm.x), _xlpm.descCode, _xlfn.XLOOKUP(_xlpm.item,#REF!,#REF!,""), _xlpm.itadCode, IFERROR( INDEX(#REF!, MATCH(TRUE, _xlfn.BYROW(#REF!, _xlfn.LAMBDA(_xlpm.r,ISNUMBER(MATCH(_xlpm.item,TRIM(_xlfn.TEXTSPLIT(_xlpm.r,",")),0))) ), 0) ), ""), IF(_xlpm.descCode<>"",_xlpm.descCode,_xlpm.itadCode) ) )) ))} -> #REF! | R1110: =_xlfn.XLOOKUP('Audit Report'!D1110,Data!A:A,Data!C:C) -> 0 | S1110: ='[1]Audit Report'!N1110 -> 0
D1111: ='Audit Report'!A1111&"" | E1111: ='[1]Audit Report'!C1111 -> 0 | G1111: ='Audit Report'!C1111&"" | I1111: ='[1]Audit Report'!E1111 -> 0 | J1111: ='[1]Audit Report'!G1111 -> 0 | L1111: =_xlfn.TEXTJOIN(", ", FALSE, 'Audit Report'!I1111,'Audit Report'!J1111,'Audit Report'!K1111) -> , , | M1111: ='[1]Audit Report'!M1111 -> 0 | N1111: {=IF(M1111="","", _xlfn.TEXTJOIN(", ",TRUE, _xlfn.MAP(_xlfn.TEXTSPLIT(M1111,","),_xlfn.LAMBDA(_xlpm.x, _xlfn.LET( _xlpm.item,TRIM(_xlpm.x), _xlpm.descCode, _xlfn.XLOOKUP(_xlpm.item,#REF!,#REF!,""), _xlpm.itadCode, IFERROR( INDEX(#REF!, MATCH(TRUE, _xlfn.BYROW(#REF!, _xlfn.LAMBDA(_xlpm.r,ISNUMBER(MATCH(_xlpm.item,TRIM(_xlfn.TEXTSPLIT(_xlpm.r,",")),0))) ), 0) ), ""), IF(_xlpm.descCode<>"",_xlpm.descCode,_xlpm.itadCode) ) )) ))} -> #REF! | R1111: =_xlfn.XLOOKUP('Audit Report'!D1111,Data!A:A,Data!C:C) -> 0 | S1111: ='[1]Audit Report'!N1111 -> 0
D1112: ='Audit Report'!A1112&"" | E1112: ='[1]Audit Report'!C1112 -> 0 | G1112: ='Audit Report'!C1112&"" | I1112: ='[1]Audit Report'!E1112 -> 0 | J1112: ='[1]Audit Report'!G1112 -> 0 | L1112: =_xlfn.TEXTJOIN(", ", FALSE, 'Audit Report'!I1112,'Audit Report'!J1112,'Audit Report'!K1112) -> , , | M1112: ='[1]Audit Report'!M1112 -> 0 | N1112: {=IF(M1112="","", _xlfn.TEXTJOIN(", ",TRUE, _xlfn.MAP(_xlfn.TEXTSPLIT(M1112,","),_xlfn.LAMBDA(_xlpm.x, _xlfn.LET( _xlpm.item,TRIM(_xlpm.x), _xlpm.descCode, _xlfn.XLOOKUP(_xlpm.item,#REF!,#REF!,""), _xlpm.itadCode, IFERROR( INDEX(#REF!, MATCH(TRUE, _xlfn.BYROW(#REF!, _xlfn.LAMBDA(_xlpm.r,ISNUMBER(MATCH(_xlpm.item,TRIM(_xlfn.TEXTSPLIT(_xlpm.r,",")),0))) ), 0) ), ""), IF(_xlpm.descCode<>"",_xlpm.descCode,_xlpm.itadCode) ) )) ))} -> #REF! | R1112: =_xlfn.XLOOKUP('Audit Report'!D1112,Data!A:A,Data!C:C) -> 0 | S1112: ='[1]Audit Report'!N1112 -> 0
D1113: ='Audit Report'!A1113&"" | E1113: ='[1]Audit Report'!C1113 -> 0 | G1113: ='Audit Report'!C1113&"" | I1113: ='[1]Audit Report'!E1113 -> 0 | J1113: ='[1]Audit Report'!G1113 -> 0 | L1113: =_xlfn.TEXTJOIN(", ", FALSE, 'Audit Report'!I1113,'Audit Report'!J1113,'Audit Report'!K1113) -> , , | M1113: ='[1]Audit Report'!M1113 -> 0 | N1113: {=IF(M1113="","", _xlfn.TEXTJOIN(", ",TRUE, _xlfn.MAP(_xlfn.TEXTSPLIT(M1113,","),_xlfn.LAMBDA(_xlpm.x, _xlfn.LET( _xlpm.item,TRIM(_xlpm.x), _xlpm.descCode, _xlfn.XLOOKUP(_xlpm.item,#REF!,#REF!,""), _xlpm.itadCode, IFERROR( INDEX(#REF!, MATCH(TRUE, _xlfn.BYROW(#REF!, _xlfn.LAMBDA(_xlpm.r,ISNUMBER(MATCH(_xlpm.item,TRIM(_xlfn.TEXTSPLIT(_xlpm.r,",")),0))) ), 0) ), ""), IF(_xlpm.descCode<>"",_xlpm.descCode,_xlpm.itadCode) ) )) ))} -> #REF! | R1113: =_xlfn.XLOOKUP('Audit Report'!D1113,Data!A:A,Data!C:C) -> 0 | S1113: ='[1]Audit Report'!N1113 -> 0
D1114: ='Audit Report'!A1114&"" | E1114: ='[1]Audit Report'!C1114 -> 0 | G1114: ='Audit Report'!C1114&"" | I1114: ='[1]Audit Report'!E1114 -> 0 | J1114: ='[1]Audit Report'!G1114 -> 0 | L1114: =_xlfn.TEXTJOIN(", ", FALSE, 'Audit Report'!I1114,'Audit Report'!J1114,'Audit Report'!K1114) -> , , | M1114: ='[1]Audit Report'!M1114 -> 0 | N1114: {=IF(M1114="","", _xlfn.TEXTJOIN(", ",TRUE, _xlfn.MAP(_xlfn.TEXTSPLIT(M1114,","),_xlfn.LAMBDA(_xlpm.x, _xlfn.LET( _xlpm.item,TRIM(_xlpm.x), _xlpm.descCode, _xlfn.XLOOKUP(_xlpm.item,#REF!,#REF!,""), _xlpm.itadCode, IFERROR( INDEX(#REF!, MATCH(TRUE, _xlfn.BYROW(#REF!, _xlfn.LAMBDA(_xlpm.r,ISNUMBER(MATCH(_xlpm.item,TRIM(_xlfn.TEXTSPLIT(_xlpm.r,",")),0))) ), 0) ), ""), IF(_xlpm.descCode<>"",_xlpm.descCode,_xlpm.itadCode) ) )) ))} -> #REF! | R1114: =_xlfn.XLOOKUP('Audit Report'!D1114,Data!A:A,Data!C:C) -> 0 | S1114: ='[1]Audit Report'!N1114 -> 0
D1115: ='Audit Report'!A1115&"" | E1115: ='[1]Audit Report'!C1115 -> 0 | G1115: ='Audit Report'!C1115&"" | I1115: ='[1]Audit Report'!E1115 -> 0 | J1115: ='[1]Audit Report'!G1115 -> 0 | L1115: =_xlfn.TEXTJOIN(", ", FALSE, 'Audit Report'!I1115,'Audit Report'!J1115,'Audit Report'!K1115) -> , , | M1115: ='[1]Audit Report'!M1115 -> 0 | N1115: {=IF(M1115="","", _xlfn.TEXTJOIN(", ",TRUE, _xlfn.MAP(_xlfn.TEXTSPLIT(M1115,","),_xlfn.LAMBDA(_xlpm.x, _xlfn.LET( _xlpm.item,TRIM(_xlpm.x), _xlpm.descCode, _xlfn.XLOOKUP(_xlpm.item,#REF!,#REF!,""), _xlpm.itadCode, IFERROR( INDEX(#REF!, MATCH(TRUE, _xlfn.BYROW(#REF!, _xlfn.LAMBDA(_xlpm.r,ISNUMBER(MATCH(_xlpm.item,TRIM(_xlfn.TEXTSPLIT(_xlpm.r,",")),0))) ), 0) ), ""), IF(_xlpm.descCode<>"",_xlpm.descCode,_xlpm.itadCode) ) )) ))} -> #REF! | R1115: =_xlfn.XLOOKUP('Audit Report'!D1115,Data!A:A,Data!C:C) -> 0 | S1115: ='[1]Audit Report'!N1115 -> 0
...

Sheet Audit Report
A1: ITEM | B1: S.N. | C1: Asset | D1: Type | E1: Make | F1: Model | G1: Screen | H1: Year | I1: CPU | J1: RAM | K1: Disk | L1: Diagnostics | M1: Blancco result | N1: S.N. Data carrier | O1: No. Data carrier | P1: Data Destruction Method | Q1: Comments | R1: Item status | S1: Est. Value | T1: Locked or Faulty
A2: ='[1]Audit Report'!B2 -> ITD-SHR11556-W401 | B2: ='[1]Audit Report'!C2 | C2: ='[1]Audit Report'!D2 | D2: ='[1]Audit Report'!E2 | E2: ='[1]Audit Report'!F2 | F2: ='[1]Audit Report'!G2 | G2: ='[1]Audit Report'!H2 | H2: ='[1]Audit Report'!I2 | ... M2: ='[1]Audit Report'!N2 | N2: ='[1]Audit Report'!O2&"" | O2: ='[1]Audit Report'!P2&"" | P2: ='[1]Audit Report'!Q2&"" | Q2: ='[1]Audit Report'!R2&"" | R2: ='[1]Audit Report'!S2&"" | S2: ='[1]Audit Report'!T2&"" | T2: ='[1]Audit Report'!U2&""
A3: ='[1]Audit Report'!B3 -> ITD-SHR11556-W402 | B3: ='[1]Audit Report'!C3 | C3: ='[1]Audit Report'!D3 | D3: ='[1]Audit Report'!E3 | E3: ='[1]Audit Report'!F3 | F3: ='[1]Audit Report'!G3 | G3: ='[1]Audit Report'!H3 | H3: ='[1]Audit Report'!I3 | ... M3: ='[1]Audit Report'!N3 | N3: ='[1]Audit Report'!O3&"" | O3: ='[1]Audit Report'!P3&"" | P3: ='[1]Audit Report'!Q3&"" | Q3: ='[1]Audit Report'!R3&"" | R3: ='[1]Audit Report'!S3&"" | S3: ='[1]Audit Report'!T3&"" | T3: ='[1]Audit Report'!U3&""
A4: ='[1]Audit Report'!B4 -> ITD-SHR11556-W403 | B4: ='[1]Audit Report'!C4 | C4: ='[1]Audit Report'!D4 | D4: ='[1]Audit Report'!E4 | E4: ='[1]Audit Report'!F4 | F4: ='[1]Audit Report'!G4 | G4: ='[1]Audit Report'!H4 | H4: ='[1]Audit Report'!I4 | ... M4: ='[1]Audit Report'!N4 | N4: ='[1]Audit Report'!O4&"" | O4: ='[1]Audit Report'!P4&"" | P4: ='[1]Audit Report'!Q4&"" | Q4: ='[1]Audit Report'!R4&"" | R4: ='[1]Audit Report'!S4&"" | S4: ='[1]Audit Report'!T4&"" | T4: ='[1]Audit Report'!U4&""
A5: ='[1]Audit Report'!B5 -> ITD-SHR11556-W404 | B5: ='[1]Audit Report'!C5 | C5: ='[1]Audit Report'!D5 | D5: ='[1]Audit Report'!E5 | E5: ='[1]Audit Report'!F5 | F5: ='[1]Audit Report'!G5 | G5: ='[1]Audit Report'!H5 | H5: ='[1]Audit Report'!I5 | ... M5: ='[1]Audit Report'!N5 | N5: ='[1]Audit Report'!O5&"" | O5: ='[1]Audit Report'!P5&"" | P5: ='[1]Audit Report'!Q5&"" | Q5: ='[1]Audit Report'!R5&"" | R5: ='[1]Audit Report'!S5&"" | S5: ='[1]Audit Report'!T5&"" | T5: ='[1]Audit Report'!U5&""
A6: ='[1]Audit Report'!B6 -> ITD-SHR11556-W405 | B6: ='[1]Audit Report'!C6 | C6: ='[1]Audit Report'!D6 | D6: ='[1]Audit Report'!E6 | E6: ='[1]Audit Report'!F6 | F6: ='[1]Audit Report'!G6 | G6: ='[1]Audit Report'!H6 | H6: ='[1]Audit Report'!I6 | ... M6: ='[1]Audit Report'!N6 | N6: ='[1]Audit Report'!O6&"" | O6: ='[1]Audit Report'!P6&"" | P6: ='[1]Audit Report'!Q6&"" | Q6: ='[1]Audit Report'!R6&"" | R6: ='[1]Audit Report'!S6&"" | S6: ='[1]Audit Report'!T6&"" | T6: ='[1]Audit Report'!U6&""
A7: ='[1]Audit Report'!B7 -> ITD-SHR11556-W406 | B7: ='[1]Audit Report'!C7 | C7: ='[1]Audit Report'!D7 | D7: ='[1]Audit Report'!E7 | E7: ='[1]Audit Report'!F7 | F7: ='[1]Audit Report'!G7 | G7: ='[1]Audit Report'!H7 | H7: ='[1]Audit Report'!I7 | ... M7: ='[1]Audit Report'!N7 | N7: ='[1]Audit Report'!O7&"" | O7: ='[1]Audit Report'!P7&"" | P7: ='[1]Audit Report'!Q7&"" | Q7: ='[1]Audit Report'!R7&"" | R7: ='[1]Audit Report'!S7&"" | S7: ='[1]Audit Report'!T7&"" | T7: ='[1]Audit Report'!U7&""
A8: ='[1]Audit Report'!B8 -> ITD-SHR11556-W407 | B8: ='[1]Audit Report'!C8 | C8: ='[1]Audit Report'!D8 | D8: ='[1]Audit Report'!E8 | E8: ='[1]Audit Report'!F8 | F8: ='[1]Audit Report'!G8 | G8: ='[1]Audit Report'!H8 | H8: ='[1]Audit Report'!I8 | ... M8: ='[1]Audit Report'!N8 | N8: ='[1]Audit Report'!O8&"" | O8: ='[1]Audit Report'!P8&"" | P8: ='[1]Audit Report'!Q8&"" | Q8: ='[1]Audit Report'!R8&"" | R8: ='[1]Audit Report'!S8&"" | S8: ='[1]Audit Report'!T8&"" | T8: ='[1]Audit Report'!U8&""
A9: ='[1]Audit Report'!B9 -> ITD-SHR11556-W408 | B9: ='[1]Audit Report'!C9 | C9: ='[1]Audit Report'!D9 | D9: ='[1]Audit Report'!E9 | E9: ='[1]Audit Report'!F9 | F9: ='[1]Audit Report'!G9 | G9: ='[1]Audit Report'!H9 | H9: ='[1]Audit Report'!I9 | ... M9: ='[1]Audit Report'!N9 | N9: ='[1]Audit Report'!O9&"" | O9: ='[1]Audit Report'!P9&"" | P9: ='[1]Audit Report'!Q9&"" | Q9: ='[1]Audit Report'!R9&"" | R9: ='[1]Audit Report'!S9&"" | S9: ='[1]Audit Report'!T9&"" | T9: ='[1]Audit Report'!U9&""
A10: ='[1]Audit Report'!B10 -> ITD-SHR11556-W409 | B10: ='[1]Audit Report'!C10 | C10: ='[1]Audit Report'!D10 | D10: ='[1]Audit Report'!E10 | E10: ='[1]Audit Report'!F10 | F10: ='[1]Audit Report'!G10 | G10: ='[1]Audit Report'!H10 | H10: ='[1]Audit Report'!I10 | ... M10: ='[1]Audit Report'!N10 | N10: ='[1]Audit Report'!O10&"" | O10: ='[1]Audit Report'!P10&"" | P10: ='[1]Audit Report'!Q10&"" | Q10: ='[1]Audit Report'!R10&"" | R10: ='[1]Audit Report'!S10&"" | S10: ='[1]Audit Report'!T10&"" | T10: ='[1]Audit Report'!U10&""
A11: ='[1]Audit Report'!B11 -> ITD-SHR11556-W410 | B11: ='[1]Audit Report'!C11 | C11: ='[1]Audit Report'!D11 | D11: ='[1]Audit Report'!E11 | E11: ='[1]Audit Report'!F11 | F11: ='[1]Audit Report'!G11 | G11: ='[1]Audit Report'!H11 | H11: ='[1]Audit Report'!I11 | ... M11: ='[1]Audit Report'!N11 | N11: ='[1]Audit Report'!O11&"" | O11: ='[1]Audit Report'!P11&"" | P11: ='[1]Audit Report'!Q11&"" | Q11: ='[1]Audit Report'!R11&"" | R11: ='[1]Audit Report'!S11&"" | S11: ='[1]Audit Report'!T11&"" | T11: ='[1]Audit Report'!U11&""
A12: ='[1]Audit Report'!B12 -> ITD-SHR11556-W411 | B12: ='[1]Audit Report'!C12 | C12: ='[1]Audit Report'!D12 | D12: ='[1]Audit Report'!E12 | E12: ='[1]Audit Report'!F12 | F12: ='[1]Audit Report'!G12 | G12: ='[1]Audit Report'!H12 | H12: ='[1]Audit Report'!I12 | ... M12: ='[1]Audit Report'!N12 | N12: ='[1]Audit Report'!O12&"" | O12: ='[1]Audit Report'!P12&"" | P12: ='[1]Audit Report'!Q12&"" | Q12: ='[1]Audit Report'!R12&"" | R12: ='[1]Audit Report'!S12&"" | S12: ='[1]Audit Report'!T12&"" | T12: ='[1]Audit Report'!U12&""
A13: ='[1]Audit Report'!B13 -> ITD-SHR11556-W412 | B13: ='[1]Audit Report'!C13 | C13: ='[1]Audit Report'!D13 | D13: ='[1]Audit Report'!E13 | E13: ='[1]Audit Report'!F13 | F13: ='[1]Audit Report'!G13 | G13: ='[1]Audit Report'!H13 | H13: ='[1]Audit Report'!I13 | ... M13: ='[1]Audit Report'!N13 | N13: ='[1]Audit Report'!O13&"" | O13: ='[1]Audit Report'!P13&"" | P13: ='[1]Audit Report'!Q13&"" | Q13: ='[1]Audit Report'!R13&"" | R13: ='[1]Audit Report'!S13&"" | S13: ='[1]Audit Report'!T13&"" | T13: ='[1]Audit Report'!U13&""
... A650: ='[1]Audit Report'!B650 -> ITD-SHR11556-W4649 | B650: ='[1]Audit Report'!C650 | C650: ='[1]Audit Report'!D650 | D650: ='[1]Audit Report'!E650 | E650: ='[1]Audit Report'!F650 | F650: ='[1]Audit Report'!G650 | G650: ='[1]Audit Report'!H650 | H650: ='[1]Audit Report'!I650 | ... M650: ='[1]Audit Report'!N650 | N650: ='[1]Audit Report'!O650&"" | O650: ='[1]Audit Report'!P650&"" | P650: ='[1]Audit Report'!Q650&"" | Q650: ='[1]Audit Report'!R650&"" | R650: ='[1]Audit Report'!S650&"" | S650: ='[1]Audit Report'!T650&"" | T650: ='[1]Audit Report'!U650&""

Sheet Data
A1: Type | B1: Category | C1: Weight (KG)
A2: Laptop | B2: Notebook | C2: 2
A3: Desktop SFF | B3: PC | C3: 6
A4: Desktop Tower | B4: PC | C4: 9
A5: Server | B5: Server | C5: 15
A6: Desktop Mini | B6: PC | C6: 1.5
A7: All-in-One | B7: All in One System | C7: 9
A8: Monitor | B8: Monitor TFT | C8: 5.5
A9: TV | B9: Monitor TFT | C9: 8
A10: Projector | B10: Projector & Beamer | C10: 6
A11: Keyboard | B11: Other | C11: 0.2
A12: Mouse | B12: Other | C12: 0.1
A13: Webcam | B13: Other | C13: 0.1
... A27: Network equipment | B27: Network Equipment | C27: 4.5
A28: Other | B28: Other
A29: Loose SSD | B29: Additional Data Carrier | C29: 0.1
A30: Loose HDD | B30: Additional Data Carrier | C30: 0.1
A31: Loose NVME | B31: Additional Data Carrier | C31: 0.1

Sheet Diagnostics Code
A1: category | B1: code | C1: description | D1: ITAD description
A2: Notebook | B2: LPT001 | C2: a/c adapter defect
A3: Notebook | B3: LPT002 | C3: a/c adapter missing
A4: Notebook | B4: LPT010 | C4: backlight defect
A5: Notebook | B5: LPT012 | C5: badge missing
A6: Notebook | B6: LPT013 | C6: battery bay defect
A7: Notebook | B7: LPT014 | C7: battery defect | D7: Battery C,Battery D
A8: Notebook | B8: LPT016 | C8: battery missing
A9: Notebook | B9: LPT018 | C9: bezel defect
A10: Notebook | B10: LPT019 | C10: bezel missing
A11: Notebook | B11: LPT020 | C11: bios failure
A12: Notebook | B12: LPT027 | C12: cable missing
A13: Notebook | B13: LPT030 | C13: case cracked major | D13: Broken chassis,Chassis broken
A14: Notebook | B14: LPT031 | C14: case cracked minor
A15: Notebook | B15: LPT032 | C15: case dent major | D15: Chassis damage C,Chassis damage D
A16: Notebook | B16: LPT033 | C16: case dent minor | D16: Chassis damage B
A17: Notebook | B17: LPT034 | C17: case discoloration | D17: Label marks B,Label marks C,Label marks D
A18: Notebook | B18: LPT037 | C18: case scratched major
A19: Notebook | B19: LPT038 | C19: case scratched minor
A20: Notebook | B20: LPT040 | C20: charger entry point defect | D20: Charging port defect
A21: Notebook | B21: LPT041 | C21: control panel defect
A22: Notebook | B22: LPT042 | C22: control panel missing
A23: Notebook | B23: LPT043 | C23: cover defect
A24: Notebook | B24: LPT044 | C24: cover missing
A25: Notebook | B25: LPT046 | C25: cpu missing
A26: Notebook | B26: LPT051 | C26: display brigthness major
A27: Notebook | B27: LPT052 | C27: display brigthness minor
A28: Notebook | B28: LPT053 | C28: display burnt-in
A29: Notebook | B29: LPT054 | C29: display coating major
A30: Notebook | B30: LPT055 | C30: display coating minor
A31: Notebook | B31: LPT056 | C31: display colour major | D31: Display C,Display D
A32: Notebook | B32: LPT057 | C32: display colour minor | D32: Display B
A33: Notebook | B33: LPT058 | C33: display cracked | D33: Broken screen
A34: Notebook | B34: LPT063 | C34: display flickering
A35: Notebook | B35: LPT067 | C35: display mark bright major | D35: LED spot C,LED spot D
A36: Notebook | B36: LPT068 | C36: display mark bright minor | D36: LED spot B
A37: Notebook | B37: LPT069 | C37: display mark dark major
A38: Notebook | B38: LPT070 | C38: display mark dark minor
A39: Notebook | B39: LPT071 | C39: display missing
A40: Notebook | B40: LPT072 | C40: display pixel failure major | D40: Screen defect
A41: Notebook | B41: LPT073 | C41: display pixel failure minor
A42: Notebook | B42: LPT074 | C42: display pressure points major
A43: Notebook | B43: LPT075 | C43: display pressure points minor
A44: Notebook | B44: LPT076 | C44: display scratched major | D44: Screen scratches C,Screen scratches D
A45: Notebook | B45: LPT077 | C45: display scratched minor | D45: Screen scratches B
A46: Notebook | B46: LPT078 | C46: doa unspecified
A47: Notebook | B47: LPT083 | C47: fan defect
A48: Notebook | B48: LPT084 | C48: fan missing
A49: Notebook | B49: LPT090 | C49: foreign keyboard | D49: US kb,Foreign kb
A50: Notebook | B50: LPT097 | C50: data carrier adapter is missing
A51: Notebook | B51: LPT098 | C51: data carrier defect
A52: Notebook | B52: LPT099 | C52: data carrier frame defect
A53: Notebook | B53: LPT100 | C53: data carrier frame missing
A54: Notebook | B54: LPT101 | C54: data carrier missing
A55: Notebook | B55: LPT102 | C55: hinge defect
A56: Notebook | B56: LPT104 | C56: i/o ports defect
A57: Notebook | B57: LPT107 | C57: keyboard defect | D57: Sticky kb
A58: Notebook | B58: LPT108 | C58: keyboard keys missing
A59: Notebook | B59: LPT109 | C59: keyboard missing
A60: Notebook | B60: LPT110 | C60: keyboard worn out
A61: Notebook | B61: LPT115 | C61: lid clip defect
A62: Notebook | B62: LPT116 | C62: liquid damage
A63: Notebook | B63: LPT119 | C63: locked - key missing
A64: Notebook | B64: LPT120 | C64: mainboard defect | D64: bad MB
A65: Notebook | B65: LPT123 | C65: memory defect
A66: Notebook | B66: LPT124 | C66: memory missing
A67: Notebook | B67: LPT131 | C67: no audit
A68: Notebook | B68: LPT133 | C68: no picture
A69: Notebook | B69: LPT135 | C69: non removable asset tag
A70: Notebook | B70: LPT136 | C70: non removable asset tag sanded down
A71: Notebook | B71: LPT140 | C71: oem sticker missing
A72: Notebook | B72: LPT141 | C72: optical drive defect
A73: Notebook | B73: LPT142 | C73: optical drive missing
A74: Notebook | B74: LPT144 | C74: outdated
A75: Notebook | B75: LPT151 | C75: password protected
A76: Notebook | B76: LPT169 | C76: required docking defect
... A81: Notebook | B81: LPT184 | C81: stylus missing
A82: Notebook | B82: LPT189 | C82: touchpad defect | D82: TP defect
A83: Notebook | B83: LPT190 | C83: touchpad faded | D83: TP discolored
A84: Notebook | B84: LPT191 | C84: touchpad missing
A85: Notebook | B85: LPT192 | C85: touchscreen defect
A86: Notebook | B86: LPT199 | C86: webcam defect
A87: Notebook | B87: LPT201 | C87: wifi defect
A88: Notebook | B88: LPT202 | C88: wifi missing
